track_id,frame,x,y,w,h,speed
0,0,215.47750339319273,15.756698838954847,50.96995214823583,70.67590975381779,74.5873181125018
0,1,217.14338908744315,16.49328529404596,50.78316120282112,70.44383175360258,74.5873181125018
0,2,220.51030844700026,16.657802599362018,51.28042364790928,70.97626597084643,74.5873181125018
0,3,223.1947040706232,17.712455964355797,50.95737608495105,70.76896498104153,74.5873181125018
0,4,226.18723995658746,17.289501929495753,50.933884712190896,70.3869943471361,74.5873181125018
0,5,227.9831754165942,17.565864893884697,50.85404903193542,70.60075928755211,74.5873181125018
0,6,230.608959288137,17.939461676026934,51.22133222374894,70.7701237727256,74.5873181125018
0,7,232.8381909520514,17.817503618372008,51.39212712801544,71.11154130357986,74.5873181125018
0,8,235.01210595437485,18.852543874122283,51.56069711413173,70.89790538022375,74.5873181125018
0,9,238.25039999925787,18.151892131018897,51.594340692058125,71.25158945494861,74.5873181125018
0,10,241.4955230826926,19.179676972188656,51.264148610194724,70.30101637032897,74.5873181125018
0,11,243.06901204486584,19.063634108894,50.77042604787217,70.78204857806823,74.5873181125018
0,12,245.76270442250333,19.296689554871623,50.801699096969884,70.46500118840191,74.5873181125018
0,13,247.80608841518693,18.57703879053812,51.67874485013608,70.51473874148098,74.5873181125018
0,14,250.66532431715495,19.245925023221947,51.63197635063767,71.05962025613817,74.5873181125018
0,15,253.29404927750366,18.486727907169946,51.172543179275,70.86861781724659,74.5873181125018
0,16,255.95588721767862,19.49280087667383,51.70353789599554,70.26738266900963,74.5873181125018
0,17,257.59967588251624,20.482550944619,51.17165087114463,71.2642297351072,74.5873181125018
0,18,260.5012329533464,19.911700457000236,51.043665435427194,70.33616812472786,74.5873181125018
0,19,262.2446667375632,20.756774799014824,51.33128423072088,71.05187960584595,74.5873181125018
0,20,264.9827373887929,21.499394331386906,51.07071817465444,71.135834443667,74.5873181125018
0,21,267.6201808244979,20.500370510528292,51.23187009846464,70.97294788547447,74.5873181125018
0,22,270.3936120001132,20.78861929617212,50.75456857277404,70.24305589553839,74.5873181125018
0,23,273.04098210035926,21.78951177641105,51.10764610920945,70.34120250254509,74.5873181125018
0,24,275.702695215399,20.86772983894522,50.94301405847926,70.84981731607566,74.5873181125018
0,25,276.6176370159672,21.91438316162002,50.982442236074185,70.69629586925697,74.5873181125018
0,26,280.1813903033104,22.035527111893206,51.36518606800914,70.4360010347441,74.5873181125018
0,27,283.4062655412431,22.51078836037947,51.41005428568802,71.01297115434693,74.5873181125018
0,28,285.56610210460644,22.78305235772924,51.1796125702199,70.2354798047167,74.5873181125018
0,29,287.58131890740134,22.189527248885952,50.730111956442414,70.74104779728752,74.5873181125018
0,30,289.84110019401237,22.272653901502935,50.84403416297557,70.7440370839263,74.5873181125018
0,31,292.7812443593377,23.66205640692644,51.15276008643981,70.97606388777747,74.5873181125018
0,32,295.77957426180507,23.789182041652232,50.44734331511395,71.03211707577465,74.5873181125018
0,33,297.7247853162095,23.639256451538422,51.26830271231792,70.77833910809485,74.5873181125018
0,34,300.1912158858777,23.461185672376796,50.58644389748424,70.6308375416414,74.5873181125018
0,35,302.1061763151575,24.393995584449407,51.070304535198424,70.68855456684572,74.5873181125018
0,36,304.55977272527906,23.811874195765764,51.15347456849106,70.21789940473455,74.5873181125018
0,37,307.6114517238978,24.22742085452531,50.801218545495466,69.94404210039428,74.5873181125018
0,38,310.19416869735693,24.34493651331188,50.99793196303159,70.59266557105774,74.5873181125018
0,39,313.3224140645237,24.68209959978808,51.1829202658936,70.217390099111,74.5873181125018
0,40,315.71437909092754,25.37901562757441,51.47701494709859,70.67781377937713,74.5873181125018
0,41,317.8255704158281,25.319016604933825,51.34089121035474,70.61785407249114,74.5873181125018
0,42,319.10683251106116,25.861241912822575,50.57644659601412,70.59153095863621,74.5873181125018
0,43,322.2180487045486,25.03865621996309,51.34087142789801,70.60341304959076,74.5873181125018
1,0,448.4667374417278,231.87778136289327,63.57390288342215,56.2161749111899,93.71790363512383
1,1,450.0828482116692,229.87091262896467,63.41338676240314,56.15933612786621,93.71790363512383
1,2,449.694999409683,229.35834093234214,63.40505874777134,55.81956761182823,93.71790363512383
1,3,449.90711383529583,229.2710494912442,63.4461710781352,56.35011441455615,93.71790363512383
1,4,449.0367244362767,227.8099445151088,64.0024693881723,56.3418316511139,93.71790363512383
1,5,450.97883760542385,226.8301260018932,63.763169427372844,56.24246068254383,93.71790363512383
1,6,450.2471731498095,226.39798797363497,63.420724669232804,56.04082740159725,93.71790363512383
1,7,451.6378909602894,225.5407924040948,62.984085895285574,56.10653224852276,93.71790363512383
1,8,450.5845008186965,224.50733199785705,63.99721796310113,56.601831912746945,93.71790363512383
1,9,450.30992000159193,223.69909952355397,63.28764380024724,56.091122468199764,93.71790363512383
1,10,449.79012614654073,223.71527692120108,64.06629433849336,55.92427100997544,93.71790363512383
1,11,450.0764645603998,221.4066941273836,63.2999278331359,55.369211390508774,93.71790363512383
1,12,450.23677493429665,222.11727903631987,63.48538234351621,56.557487701349785,93.71790363512383
1,13,450.70403824506104,221.52702626540872,63.648849497259704,56.18651174325071,93.71790363512383
1,14,452.3653431540372,219.66232796926198,63.22271709743771,56.361685431481796,93.71790363512383
1,15,451.21032198644207,219.53559745448038,63.312593925006205,56.54252751033761,93.71790363512383
1,16,451.7967221053778,217.84646281242226,63.638057304072355,56.05188684383746,93.71790363512383
1,17,452.6838602713805,217.00610795774224,63.45316176925493,55.981361024304746,93.71790363512383
1,18,451.4785039612431,216.53311100602642,63.819420842958955,56.11796643707405,93.71790363512383
1,19,451.69928598386343,215.0056756166604,63.340863434325705,57.127854698376545,93.71790363512383
1,20,452.4534029234161,214.5010795595213,63.18786492989706,56.00843758171386,93.71790363512383
1,21,452.0625442621814,214.0870267550321,63.365775922076296,55.91514009087247,93.71790363512383
1,22,452.92518730893204,213.4733768669926,63.47671369648517,56.23491406854893,93.71790363512383
1,23,452.08984119111443,210.95738269882904,63.623782650483335,55.97994910798503,93.71790363512383
1,24,451.9938726355304,211.28314549963494,63.808774616768936,55.94995318837145,93.71790363512383
1,25,451.9186824195793,211.10107402040887,63.815394773747414,56.013432318555495,93.71790363512383
1,26,453.05763035243234,209.81320304810782,63.679471755321615,55.9228243468741,93.71790363512383
1,27,453.3334871028358,209.73852002086602,63.7802060730434,56.4686144194023,93.71790363512383
1,28,451.17151066446354,208.4450766988338,63.58145050734779,56.25699877883986,93.71790363512383
1,29,452.8829676119089,207.52031559224963,63.71271932389405,56.22197598273157,93.71790363512383
1,30,453.107202901409,207.28538129075503,63.257473970174814,56.610158990240926,93.71790363512383
1,31,453.56787956749866,205.44622284313672,63.50208953353476,56.0251143500501,93.71790363512383
1,32,453.95761395920766,205.20019782725572,63.42204524980959,55.97044694117749,93.71790363512383
1,33,453.91154811112307,204.68281103018398,63.55493319754098,56.42661818116053,93.71790363512383
1,34,453.71328485346714,203.4157741102603,63.50169922893744,56.38932507378625,93.71790363512383
1,35,453.2870205365937,202.88195604934296,63.52010435787456,56.40869485118858,93.71790363512383
2,0,516.9750820039878,244.41151948244095,54.73262324074465,42.26291545321973,80.17254763946097
2,1,517.2723486361504,245.16913156480797,55.34678785019936,41.861570590070244,80.17254763946097
2,2,518.7419449778806,243.91471583644667,54.89631236930633,42.76274524817485,80.17254763946097
2,3,518.1499458386982,243.71689300656482,55.225786080398194,42.57376508666149,80.17254763946097
2,4,519.117760109659,243.0013666382853,55.75969472479915,42.60435692894747,80.17254763946097
2,5,518.8777597650152,243.06801144460874,54.86944655449017,42.35731198382163,80.17254763946097
2,6,519.1896204375146,242.88327791978398,55.40352660520012,42.42966865569667,80.17254763946097
2,7,519.7626112439851,243.42121223257772,55.57036387160933,41.991949558759885,80.17254763946097
2,8,520.1045192197134,243.31377288665277,55.375832453462145,42.38830810948017,80.17254763946097
2,9,521.4336440441514,242.0867296340411,54.716408933586294,42.06034624536571,80.17254763946097
2,10,521.3599737867278,242.0211656431109,55.01398483679022,42.02779841681868,80.17254763946097
2,11,521.4347554552498,241.70518895321973,55.27039014544131,42.558765772943744,80.17254763946097
2,12,521.9510153463758,241.89232319703868,54.98584051196405,42.479673817239636,80.17254763946097
2,13,522.6820346240921,242.5814080770009,54.831508672726365,42.42904920230609,80.17254763946097
2,14,523.3057705931334,241.39248307339417,55.33521052193245,41.88874165785165,80.17254763946097
2,15,524.5894446972624,240.69005446430418,55.43609246188712,41.98396164886701,80.17254763946097
2,16,524.5517529861012,240.9570632097007,55.20767715586629,42.3363015792608,80.17254763946097
2,17,524.9729468065852,240.77705002999153,54.269995170722446,42.09228081552945,80.17254763946097
2,18,524.9607042092049,240.50596318468564,55.39109653911387,42.624896551341116,80.17254763946097
2,19,525.2412304312982,239.76974812198733,55.5753998167194,42.64521450258082,80.17254763946097
2,20,525.6117890577021,241.35708855693278,55.05548764568983,41.97916253642327,80.17254763946097
2,21,526.1297161965477,240.63023474104708,54.87891425095487,42.90566597587181,80.17254763946097
2,22,526.2056580947248,240.3569025535426,55.32348899597858,42.27408133467393,80.17254763946097
2,23,527.6404559799572,238.91816555297567,55.56742181979758,42.3011932438577,80.17254763946097
2,24,527.2752401542542,239.8310255034876,55.4781199877974,42.55123708173586,80.17254763946097
2,25,528.992477978296,239.78517504955042,55.54520227344375,42.158339271395825,80.17254763946097
2,26,528.4922562448922,239.3146768347459,55.15482761270664,42.410789022500744,80.17254763946097
2,27,529.0983150280161,239.2436810344817,55.12966761648662,42.215358687931214,80.17254763946097
2,28,528.9173731084281,238.1640664446276,55.511885651921524,42.29494200614804,80.17254763946097
2,29,530.1712714126693,237.74962421658515,54.57869985136587,42.00557108324879,80.17254763946097
2,30,530.7973809944664,238.72071839173057,55.259761866073255,42.07964740750079,80.17254763946097
2,31,530.6049344785163,237.82617296397268,55.056658279889035,41.56847750135409,80.17254763946097
2,32,530.6876408949057,237.6683722980888,55.61507862066126,42.3685213702883,80.17254763946097
3,0,446.8967062106971,155.7998455555293,93.52716637250155,59.62338540756464,77.30372093632221
3,1,445.3123375469509,153.93623951361795,93.45926234571832,59.49163960347979,77.30372093632221
3,2,445.3847636829304,154.13187587269326,93.43603129283903,59.63770250917805,77.30372093632221
3,3,443.8577734906595,153.3990560687476,94.01616482372827,59.02863449341253,77.30372093632221
3,4,442.684158643122,153.67610715487817,93.27166497989634,59.70351528529854,77.30372093632221
3,5,442.47932062654434,153.17681177952053,93.16614675284632,59.37668065247495,77.30372093632221
3,6,441.49096894698357,152.7055457952532,93.67023705419241,59.72749933912018,77.30372093632221
3,7,440.2772848650184,151.80854757975004,93.58607471171752,59.63801325560557,77.30372093632221
3,8,438.68672467340576,151.7024564441089,94.062556264094,59.30479320129791,77.30372093632221
3,9,438.963978033151,152.31525643739698,93.15916290435011,59.552832361171625,77.30372093632221
3,10,437.2139356076903,150.60155073028128,93.45087058463398,59.523914451685165,77.30372093632221
3,11,436.45412201070724,150.33272137988942,94.22120287922543,59.68213136140709,77.30372093632221
3,12,435.0751884693938,150.9194201672572,93.8610790942575,59.7059251934118,77.30372093632221
3,13,434.00284906433467,150.70818515696632,93.91674121266139,59.534115759922116,77.30372093632221
3,14,432.42176282466204,149.59407014622943,93.33007270810893,59.08035537517803,77.30372093632221
3,15,432.11272979155353,149.15473195197225,94.05793910584435,59.6798747082911,77.30372093632221
3,16,431.6972584521568,148.00745707339385,93.66643508249913,59.63240255649688,77.30372093632221
3,17,430.7673149251654,148.28483078804945,93.91441842317536,59.44387938637239,77.30372093632221
3,18,429.55711243024604,148.04063567728963,93.2982620183634,59.647800749275824,77.30372093632221
3,19,428.25989685794775,146.4875605276829,93.96071673978182,59.48658155661424,77.30372093632221
3,20,427.03582623664454,146.8573481554725,93.7146548266839,60.04751200600967,77.30372093632221
3,21,426.4209978084884,146.88861230112715,94.08526854880873,59.755204320087664,77.30372093632221
3,22,426.0801896329848,146.0205556485009,93.90450953368159,59.57774636068462,77.30372093632221
3,23,425.125056317304,145.36343281730882,93.43932740976658,59.97575863251714,77.30372093632221
3,24,423.53175185655874,145.2921343052811,93.69646646154447,59.38828992349967,77.30372093632221
3,25,423.3377076713927,144.45343532812387,93.62801533623129,59.699224996416234,77.30372093632221
3,26,421.66145659687817,144.28327490660638,93.41267797671364,59.72275748845178,77.30372093632221
3,27,420.2403830506121,144.61394205747635,93.21595022664582,59.42864423169053,77.30372093632221
3,28,419.8157194311643,143.271146758225,93.86879799479738,59.58957751671268,77.30372093632221
3,29,418.3214727234687,142.7441806404006,93.20351792432761,59.61044934424463,77.30372093632221
3,30,417.3030376550141,142.42758698023806,93.60382695509173,60.27838931816144,77.30372093632221
3,31,417.06216603344814,143.09788822268308,93.73701023961999,59.830033810538104,77.30372093632221
3,32,415.2937946718829,142.107574846165,93.75159998942242,59.58976411588904,77.30372093632221
3,33,414.91128553134337,141.5962948167183,93.59567980492814,59.36287981353813,77.30372093632221
3,34,412.8383087782535,140.93838066106548,93.81589061740173,60.062262547407016,77.30372093632221
3,35,413.99795851562925,141.1904127790911,93.94120982277263,59.86753253391875,77.30372093632221
3,36,411.7869819823174,139.89946901734496,93.68246093154585,59.06647886153337,77.30372093632221
3,37,411.015089912058,140.65889950129844,93.2471738893094,59.60482777588502,77.30372093632221
3,38,410.837006920474,140.14199922024272,93.8298912459643,59.86716128485055,77.30372093632221
3,39,410.12542254316895,139.64335654942232,94.04204499416934,59.5758883958043,77.30372093632221
3,40,408.02779974367064,139.33145751869802,93.4914508813419,59.423200395975556,77.30372093632221
3,41,407.0389569804503,137.63273696145112,93.70484457903758,59.21598855312689,77.30372093632221
3,42,406.33113587962123,139.1118354747886,93.51689463880722,59.432536413171285,77.30372093632221
3,43,406.1086682764903,138.26640599260682,93.96615286494519,59.48855179050943,77.30372093632221
4,0,21.876622769754782,266.937928395863,65.37276492711769,59.169336019590205,34.627718100125364
4,1,23.5198896348815,266.2071552311627,65.3711214826188,58.86312028151443,34.627718100125364
4,2,25.962676594608183,265.09510779824774,65.09404713235787,59.240782266721055,34.627718100125364
4,3,27.715922254503525,265.42191198336906,65.4030659611816,58.92797181426427,34.627718100125364
4,4,28.76354384264287,264.53285298826205,65.80764085212759,58.866391631206575,34.627718100125364
4,5,31.53885946280516,264.3931624880661,65.82930599207344,58.92459258624829,34.627718100125364
4,6,33.12652874923573,264.63398699770164,65.17718560615401,58.26129280563241,34.627718100125364
4,7,34.12070131970068,264.83851159485397,65.8064935690618,58.71693265425904,34.627718100125364
4,8,36.27946130335771,264.2051809420957,65.36576541613958,58.43123110361319,34.627718100125364
4,9,38.83526782680641,263.58909512975174,64.6613864634646,58.72705203299346,34.627718100125364
4,10,40.04652819578305,263.2547570916412,65.46193373475914,58.63028652547934,34.627718100125364
4,11,41.68901038575843,262.8251616744006,65.33588715228146,58.70943884874057,34.627718100125364
4,12,44.145128690738375,261.8680855101112,65.31144933663268,58.211628360737706,34.627718100125364
4,13,45.561768516764225,262.41914941998624,65.58083442774463,59.0963108108908,34.627718100125364
4,14,47.283833721052844,261.8399027228565,65.55847249806206,58.74081653506644,34.627718100125364
4,15,49.42984109360181,261.1579868321897,64.9775828004191,59.07594414873797,34.627718100125364
4,16,51.533225365911896,260.5158251423685,65.3857990390878,58.61537646143702,34.627718100125364
4,17,52.18977916450495,260.6825750252207,65.0437458421313,58.737712963272244,34.627718100125364
4,18,53.41928391001006,260.0390425576771,65.0604674817697,58.50329085481439,34.627718100125364
4,19,55.0645090765047,260.5964615083311,65.56900610338752,58.24576985161548,34.627718100125364
4,20,57.39824743344241,259.31519275133036,65.20900513951507,58.386944010885486,34.627718100125364
4,21,59.84605090478312,259.11610799584486,65.55673305081251,58.97903579420236,34.627718100125364
4,22,61.928777513566885,258.0702315870443,65.93786901139315,59.2016536468198,34.627718100125364
4,23,63.29978466753174,259.8330916778499,65.47778195734382,59.067452739473495,34.627718100125364
4,24,64.41624149436255,258.8721021045258,65.46663616888237,58.685649021195616,34.627718100125364
4,25,67.61611489778701,257.8161514055965,65.4189467762482,58.76182507745459,34.627718100125364
4,26,67.95200665564339,257.8978152754491,65.63781125908548,58.927320822974046,34.627718100125364
4,27,68.9217497951717,257.7998054142124,65.31121687301872,58.45611204108564,34.627718100125364
4,28,72.17587621905221,257.2408594600048,65.10336626728126,59.5627397683022,34.627718100125364
4,29,73.04161927847144,255.75656123494272,65.07003695007616,59.24724901751945,34.627718100125364
4,30,75.33070100394006,256.10066208052785,65.39764106162566,58.64202489227754,34.627718100125364
5,0,521.9016987198773,72.30383205933595,82.56474127926676,79.22108576388955,69.93019258280268
5,1,519.5886219643896,71.92903639333755,83.06549925470335,79.59956775001014,69.93019258280268
5,2,516.8391200429613,71.89294834635075,82.68566131318329,79.58119238626269,69.93019258280268
5,3,513.7254241355848,71.42814927906045,83.00413916449304,79.83237278358766,69.93019258280268
5,4,510.9020793887528,72.37980969422762,82.68645882506478,79.76457325225505,69.93019258280268
5,5,507.71378647118706,71.38236622547254,82.62717572608537,79.94293134000415,69.93019258280268
5,6,505.10128015969445,71.60316094707957,82.49633185491287,79.46033976403449,69.93019258280268
5,7,501.6621026420411,70.4830549883053,82.66837761880424,79.57223204650853,69.93019258280268
5,8,499.19487780568045,70.47052071226085,82.70950336590644,79.66462188016132,69.93019258280268
5,9,496.736424960674,69.78186258527273,82.87642711546057,79.58617306004196,69.93019258280268
5,10,493.62791036538465,69.94305829953841,82.8714610868815,79.31106559212628,69.93019258280268
5,11,490.4997008031669,69.2560325709338,83.03087180240922,79.57742864650876,69.93019258280268
5,12,487.60389392780866,69.01336685569628,83.11728780194251,79.81608849947438,69.93019258280268
5,13,485.10984251889045,70.31464230335608,82.86040471327208,79.96941517753706,69.93019258280268
5,14,481.71228248651784,69.13998013447772,82.98576175624387,79.68777185580227,69.93019258280268
5,15,479.19844031435423,68.53295552004602,82.88844021243445,79.76898722099726,69.93019258280268
5,16,476.8383550104775,68.00573259938253,82.33432074184512,79.46316867945042,69.93019258280268
5,17,473.1045081123129,68.25638670413365,82.90382586369601,79.96323136359835,69.93019258280268
5,18,470.6426846275787,67.88625142871422,82.73529639113434,79.50459166237997,69.93019258280268
5,19,467.0716234900597,67.54007286793387,82.40436535949709,79.47008210370194,69.93019258280268
5,20,464.1324513912673,67.30041963565704,82.79987052423395,79.80999646928298,69.93019258280268
5,21,461.174035559298,66.91755820144864,83.0387421543604,79.53779987277146,69.93019258280268
6,0,440.94778002352245,68.90642280233514,76.74583390397517,43.97763350092777,83.46078208224141
6,1,443.48449064180903,70.47250512376277,76.86735404422127,44.778768157092145,83.46078208224141
6,2,446.62400312109156,69.74370292335249,77.43578455075762,44.71716766653328,83.46078208224141
6,3,448.55109948115347,70.90392335594251,76.71186324765227,44.489131727986546,83.46078208224141
6,4,452.5623281902259,70.5225405985005,77.36998391290442,44.77088504011528,83.46078208224141
6,5,454.24110538973105,70.72549502253412,77.11892281618566,44.370006307581825,83.46078208224141
6,6,457.7226766574745,71.65084947839641,77.12933508822428,44.26632020141488,83.46078208224141
6,7,460.71938981083235,71.23406712709793,76.66974298845061,44.203489156960714,83.46078208224141
6,8,463.5768361102965,71.81539001360699,77.03593023878678,44.19864319759961,83.46078208224141
6,9,466.1426652823427,71.60010798468015,76.75638254614925,44.492967884924205,83.46078208224141
6,10,468.3442065472668,72.74257034368918,77.78036555160112,44.68015288668855,83.46078208224141
6,11,471.31572191901984,72.5615888753808,76.56766931314458,44.429220997573665,83.46078208224141
6,12,474.89210217189276,73.28111893750035,76.72477787006171,44.63224960800732,83.46078208224141
6,13,478.0179209322013,74.15321726890794,76.82406223140964,44.28324590833755,83.46078208224141
6,14,480.26819656984924,72.10087131202512,76.87499049587399,44.4612134211677,83.46078208224141
6,15,482.81258935711065,73.06222470617897,76.96063536390035,44.30952332594463,83.46078208224141
6,16,486.2222735956991,73.68416883349977,76.94959715729088,44.47262153442581,83.46078208224141
6,17,488.92858949272284,73.15969886397905,76.93211321548044,44.770390456743435,83.46078208224141
6,18,491.26523137903786,73.95842760291902,77.13228014799444,44.64351198383439,83.46078208224141
6,19,494.11210251726294,74.43124315441806,76.81209815256112,44.448378959280404,83.46078208224141
6,20,496.610852500953,74.34029675583837,76.8035146565399,44.5239827316198,83.46078208224141
6,21,499.59636061077686,75.55184443239656,77.05939808990813,44.81147856207063,83.46078208224141
6,22,503.7530744217389,76.24476519397989,76.61300213225459,43.74542242777064,83.46078208224141
6,23,505.405202991269,76.20381491349659,76.68573870446887,44.62411555312196,83.46078208224141
6,24,507.8702359972597,76.65870048420935,76.93664524432769,44.661744689178725,83.46078208224141
6,25,510.18337990973197,76.5273771022198,76.98972189427748,44.115043494431355,83.46078208224141
6,26,514.7974183514885,76.76546875567261,77.45129221492176,44.343203284625325,83.46078208224141
6,27,516.5425353602252,77.91705133952631,77.12544874972758,44.600122217048295,83.46078208224141
6,28,519.5917643776443,76.93126636750178,76.9174346541278,44.255572215796825,83.46078208224141
6,29,522.3587711953038,77.63159116237138,77.02108295976932,44.51931814298305,83.46078208224141
6,30,525.0431508922846,78.1754615885683,76.83858726430417,44.22630507329438,83.46078208224141
6,31,527.5304296456509,79.01784924179681,77.1465492381587,44.71859252013894,83.46078208224141
6,32,531.3538634740704,78.18160952683932,77.18728642266379,44.21998368040051,83.46078208224141
6,33,533.2979849320752,79.30268983676214,77.51860427636018,44.30785642921878,83.46078208224141
6,34,536.2190248203024,79.9279332393052,76.58735826040963,44.65113978637331,83.46078208224141
6,35,538.9135555874908,79.19821227354363,77.07828994314133,44.72098367051538,83.46078208224141
7,0,615.052676970439,8.459971320761516,66.39381173369091,72.97574963394288,37.83001424808576
7,1,614.9710634668725,8.943930901488189,67.11455430519526,73.63490535246036,37.83001424808576
7,2,613.6427486542314,11.241749416819943,66.49088624412035,73.2421204860466,37.83001424808576
7,3,612.7624813981923,11.237335613750982,66.19291040464985,73.25518568271804,37.83001424808576
7,4,611.9734009564636,9.935744452516207,66.21464285051108,73.7663104402423,37.83001424808576
7,5,610.5557724480665,11.586134568130065,67.12011644543456,73.10450466832769,37.83001424808576
7,6,609.6880896315308,13.077969370947818,66.56738976609908,73.41681365493848,37.83001424808576
7,7,609.009919864595,14.158041396248693,66.51644351927585,73.55564736771764,37.83001424808576
7,8,606.961569558838,15.21478544171209,66.12110943851147,72.87767156214095,37.83001424808576
7,9,607.9423363548595,15.216454439346327,66.59640717969204,73.29589676939021,37.83001424808576
7,10,606.0130592925465,16.96599844935453,66.22797896014832,73.63946749813417,37.83001424808576
7,11,605.6432686374709,18.1713540081491,66.44158248175665,73.84163989151894,37.83001424808576
7,12,605.4138997515881,19.24743017700883,66.71826953494319,73.66241503708837,37.83001424808576
7,13,605.0789098774478,20.435136002814946,66.31246126267314,73.80474792639316,37.83001424808576
7,14,603.0557920119844,20.220140740282904,66.58844013734242,73.67400074924836,37.83001424808576
7,15,602.3241216334851,21.158350926477134,66.6443845622737,73.94530730975247,37.83001424808576
7,16,601.1149325154017,22.186436222625428,66.83951547687961,74.0176439403272,37.83001424808576
7,17,600.670222857156,22.967491444299903,66.6047910840986,73.16058414215425,37.83001424808576
7,18,599.3033636634752,23.125258074031116,66.23523461545105,73.72281789375039,37.83001424808576
7,19,598.2076737985033,24.74490668813629,66.35435751269237,73.88802641775251,37.83001424808576
7,20,597.4304784791871,25.967625089755984,66.74447859496033,73.57723992708927,37.83001424808576
7,21,596.2199586824713,26.25447370118118,66.79084959355175,73.73696253575586,37.83001424808576
7,22,594.9620600606424,27.616519924847292,66.47827406546324,73.77224433181084,37.83001424808576
7,23,594.3117382550568,28.28756552842018,66.30346888305792,73.56647226500745,37.83001424808576
7,24,593.61209748127,28.69081058727976,66.3724702748285,73.48159148663451,37.83001424808576
7,25,591.9914250384138,30.136855703527743,66.83095242403229,73.39483305365557,37.83001424808576
7,26,591.2724950694113,30.240160208034467,66.82673074681514,73.7153214475242,37.83001424808576
7,27,590.9128256007737,31.877111219132473,66.23000222100602,73.34387431618238,37.83001424808576
7,28,590.4009360034424,32.24547615032753,66.36567873815922,72.77402689635625,37.83001424808576
7,29,589.5998705462744,33.320252707995984,66.01956974934035,73.70776292134222,37.83001424808576
7,30,588.3577104984568,34.162768176102055,66.82600440987858,73.30569917402487,37.83001424808576
7,31,587.8223044838235,35.230236849524196,66.77090116968382,74.01845194900152,37.83001424808576
7,32,586.895519796949,35.47248990448045,67.08196177394734,73.19547145182824,37.83001424808576
7,33,585.4354205772603,36.13599289026541,66.51161820804322,73.85233100047277,37.83001424808576
7,34,585.4163053517274,37.71494543978714,66.3596291288314,73.36157903606451,37.83001424808576
7,35,583.566444303846,38.824566059164596,66.27048465022268,73.78702309813333,37.83001424808576
7,36,582.9523753352303,39.299130240346294,66.99596196307597,73.38506501129247,37.83001424808576
7,37,582.900166667984,39.37333736055107,66.29501733972482,73.05414779457918,37.83001424808576
7,38,580.796541426753,41.23446372496134,66.76376516739487,73.61969780655187,37.83001424808576
7,39,580.4041083484783,41.22131817411931,66.14439689802789,73.61883221775577,37.83001424808576
7,40,580.0450958551663,42.49087326840826,66.16187856292868,73.06768107218473,37.83001424808576
7,41,578.1314965080741,44.327671545792725,66.48012458664606,73.21628220329274,37.83001424808576
8,0,216.24524209527888,16.740860302656447,90.20213374239583,50.971956500517926,43.75293307989603
8,1,217.06327326748803,16.365716190971025,90.78644261469871,51.034518558627816,43.75293307989603
8,2,217.5814070778032,17.655212403971294,90.77627663676745,51.622588195228964,43.75293307989603
8,3,218.35411904427806,17.723754562259842,90.98338097087651,50.3130105094216,43.75293307989603
8,4,219.73086666607938,17.992421236890433,90.94407406215427,51.07911499641063,43.75293307989603
8,5,220.60986331033297,16.63270970804426,90.77254459482194,50.67355971901338,43.75293307989603
8,6,221.16986161738052,17.906741345129817,90.70448733464127,51.102483528717094,43.75293307989603
8,7,222.5758159115526,18.781031237374894,91.02121324503133,50.97881893100234,43.75293307989603
8,8,224.41340283202823,17.428611828411235,90.93257192781216,51.035522207551026,43.75293307989603
8,9,224.06235644632875,17.936890694227614,90.47999082299393,50.97711590873158,43.75293307989603
8,10,225.9314580737721,17.017824914986644,90.28488124727956,51.375027662286016,43.75293307989603
8,11,225.4538565955508,17.285921667734183,90.60096301420371,50.807919246399905,43.75293307989603
8,12,226.82635863089922,18.057646026519862,90.7983927676405,50.927797902890916,43.75293307989603
8,13,228.6010531583242,18.547273849041936,90.3259315048237,51.22988808183364,43.75293307989603
8,14,230.2758925327777,18.15613963929503,90.95467238503409,51.15146554223097,43.75293307989603
9,0,366.52230029373004,124.0702074372319,50.462723717122785,56.08917669617328,35.69944012082663
9,1,366.4655238190674,126.02993582620904,50.6109666606008,55.619352431730384,35.69944012082663
9,2,364.93473903130325,126.83274811108488,50.062433254358886,55.82993528170225,35.69944012082663
9,3,365.45418619548764,127.29259977472215,50.24504149309796,55.91575880892386,35.69944012082663
9,4,363.00206865910167,126.74703657589728,50.15185336281386,55.8414778336156,35.69944012082663
9,5,362.8958297306459,128.04362700563016,50.919241556015386,55.98247814273191,35.69944012082663
9,6,362.4497102210844,128.73466228147197,50.20985882034683,56.21305926452512,35.69944012082663
9,7,361.0375925703818,129.43722842967722,49.932697932521435,55.869314795039216,35.69944012082663
9,8,360.83061510538886,130.72654053495077,50.620729588091706,56.04209518445224,35.69944012082663
9,9,360.8200862463498,131.8268080035646,50.3560387082633,55.955179943249796,35.69944012082663
9,10,358.2786824154862,131.95894706062595,50.25990363568341,55.33662732089715,35.69944012082663
9,11,358.2689969039487,133.04380653033218,49.889798803951706,56.231061233867614,35.69944012082663
9,12,357.95995623777105,133.21716959050835,50.218732915693145,56.092154015737066,35.69944012082663
9,13,356.2447260971793,135.11801369426254,50.01740524298642,55.61359091187807,35.69944012082663
9,14,356.8086739940618,135.25892798050393,50.6590486105417,56.156970206621544,35.69944012082663
9,15,355.6243545183987,134.99197882837046,50.11957912883516,55.90270769384872,35.69944012082663
9,16,354.665431927302,135.37004858002467,50.574752709653254,56.36251862305364,35.69944012082663
9,17,354.6439374704107,136.65377926581155,50.392221135768324,55.205226459086724,35.69944012082663
9,18,353.9947656005887,136.95903971284454,50.38458373082092,56.19194979104913,35.69944012082663
9,19,353.0332840535951,138.86723251377438,49.83373608711474,55.812823146548915,35.69944012082663
9,20,351.4913306095698,139.6456959246254,50.55775489705149,56.041788149154684,35.69944012082663
9,21,351.92416478402953,140.55831086134697,50.144785849354996,56.33216975011025,35.69944012082663
9,22,349.943959131255,141.13498627794704,50.31566447975584,55.15520647696913,35.69944012082663
9,23,349.4774997989719,141.90504358790412,50.198519585355044,55.80078979188444,35.69944012082663
9,24,347.9347547340314,142.5678243542568,50.71230874776732,55.7899950140589,35.69944012082663
9,25,347.5537602635821,142.98899734111671,50.86655747430296,55.43660283779908,35.69944012082663
9,26,347.47516468152577,144.1148367797791,50.83770002888386,56.236555510727406,35.69944012082663
10,0,796.1442837540832,289.35444834454734,73.85030819904134,76.09208573093086,41.05174670074352
10,1,798.949523180803,288.8885571370143,73.94433849826238,76.16851797543836,41.05174670074352
10,2,798.9653450389752,288.2032613393295,73.40709120481766,75.67376187853593,41.05174670074352
10,3,800.7260679589692,288.4176868036446,74.38643387538123,75.61817786285062,41.05174670074352
10,4,802.1329866665338,287.517536864374,73.9271403579384,76.11845877641106,41.05174670074352
10,5,803.5018772891409,286.7356528991732,73.88737229809739,76.2114338256417,41.05174670074352
10,6,804.338316539408,287.8745727201121,73.69849571662746,75.75357775238,41.05174670074352
10,7,806.0175467234735,286.4229446041669,73.35881782697989,75.93588877576148,41.05174670074352
10,8,807.9415536733571,287.2192545928765,73.59885723306432,76.21531819281091,41.05174670074352
10,9,808.4843124289728,286.02618083690254,74.14918103517566,76.19935727020508,41.05174670074352
10,10,809.7695531580654,285.0861144671535,73.43177541874178,75.92453037858418,41.05174670074352
10,11,811.1285448625563,285.46832164404566,74.00356047722423,76.2376113503578,41.05174670074352
10,12,811.039545099084,285.33470495235076,73.45473533823738,76.27795638414545,41.05174670074352
10,13,813.6837508600707,284.86451378264934,73.60669194675032,76.02853120812819,41.05174670074352
10,14,813.8561676550428,284.763106270028,73.66971804961929,75.16701172326928,41.05174670074352
10,15,816.5948609702059,284.72011891292175,73.50613081629034,76.30754877745619,41.05174670074352
10,16,816.9635867164584,282.41472082254904,73.66160192892774,76.04157674731626,41.05174670074352
10,17,818.6795852553419,283.2660292001826,73.85789652854024,76.00870251080524,41.05174670074352
10,18,819.7791357875623,282.57978862677845,73.68922941694753,75.83823404187096,41.05174670074352
10,19,821.0100388762122,281.9952516856323,73.60619135585638,75.9684036683539,41.05174670074352
10,20,822.590554891786,282.1809630154355,73.71387169694094,76.10407077379001,41.05174670074352
10,21,824.1174250155138,282.2192665164649,73.24399694558286,75.80711428434206,41.05174670074352
10,22,825.3373632273623,281.8031743268731,73.97291285160296,76.0380412641242,41.05174670074352
10,23,825.8321127813272,281.8230070191248,73.36109300894755,76.23946314944548,41.05174670074352
10,24,827.525038865501,280.14164672873096,73.65012203104544,76.3048613356735,41.05174670074352
11,0,167.5817327360472,158.99887206958095,72.69592554177305,42.29426821562846,76.45571130122875
11,1,169.56998619065,159.09133003288176,72.96430130580052,42.02444852181355,76.45571130122875
11,2,171.4168861435397,157.8417217814946,72.67212552357663,42.072254047119515,76.45571130122875
11,3,172.79652793489743,157.52987735339687,72.69137893688556,41.906838251146034,76.45571130122875
11,4,173.60675846015184,157.23156347147477,72.86549507228578,42.97912106058112,76.45571130122875
11,5,176.021699642516,157.28591091948047,73.17059476294467,42.305862427758136,76.45571130122875
11,6,177.8001181894273,156.16790466568304,73.34458140948419,41.87165280299883,76.45571130122875
11,7,179.39258115390064,156.68251568580098,72.77972962724884,42.15290120444192,76.45571130122875
11,8,181.17953208720303,155.86157584951766,72.98226656835485,42.408675448856144,76.45571130122875
11,9,183.08882286909025,155.67856002560293,72.47996877253516,42.210514906801215,76.45571130122875
11,10,184.79930951287503,155.05764716427115,72.88241367875341,42.52592612201098,76.45571130122875
11,11,186.49122725761373,153.9919412769247,72.44395032260577,41.97807801617008,76.45571130122875
11,12,188.59517399534238,153.50137617426137,72.7416575094854,42.26853896465006,76.45571130122875
11,13,189.83205355388975,152.76705956586207,72.80025318296289,42.68849895843012,76.45571130122875
11,14,191.52465989289146,153.44850376695805,72.73375192003492,42.85148748836602,76.45571130122875
11,15,191.78192296404765,153.34196806177295,72.96448701284267,42.50149345969781,76.45571130122875
11,16,194.40148750793867,152.56169315231776,73.09127004498957,41.97826901778032,76.45571130122875
11,17,195.29599366055646,152.14795735069342,72.82767888375358,42.373280503077424,76.45571130122875
11,18,198.3651726655926,151.3847037106689,73.03742927459113,42.439516765497565,76.45571130122875
11,19,200.4039239155212,150.5808927161265,72.64823151074938,42.18714544416566,76.45571130122875
11,20,201.53163070316398,150.47965441088525,73.3094165461038,42.80361494831592,76.45571130122875
11,21,202.95482212081984,150.71592937084392,72.34518018956793,42.378827306439014,76.45571130122875
11,22,203.45736650651466,149.9235558103519,72.87296386623781,42.23152104068475,76.45571130122875
11,23,206.29879168749935,149.64790858602007,72.34745898016756,42.0061652865663,76.45571130122875
11,24,206.83712122184744,149.16190912512917,73.18630910335484,42.47590626881949,76.45571130122875
11,25,209.29451669320653,148.28506127186304,73.52278280214597,42.315703505718986,76.45571130122875
11,26,211.98390483284376,148.10166889971535,72.6416797020881,43.10408090145561,76.45571130122875
11,27,211.88863804881075,148.3523601876398,72.71057206390549,42.08015875246821,76.45571130122875
11,28,215.15736137725858,147.24856940631577,73.08126414672809,42.655476233620654,76.45571130122875
11,29,215.2216073917228,146.40964994072115,72.2778416770698,42.0843074140332,76.45571130122875
11,30,217.48952699434773,147.13361130582746,72.75531967399901,42.29259047898027,76.45571130122875
11,31,219.5159048796724,146.95759438420438,72.9256599137914,42.13909231894345,76.45571130122875
11,32,221.0683541304684,146.27175038814084,72.58768310208563,42.151113691261905,76.45571130122875
11,33,222.94457816072298,146.71146418514894,72.65311562651976,41.70076200807585,76.45571130122875
11,34,224.274672680512,144.94476944518271,73.03178309449676,42.211395271065015,76.45571130122875
11,35,226.74642660243765,145.06015076538213,73.08288885658298,41.95966633499034,76.45571130122875
11,36,225.87266818382184,144.67932172634016,72.89062257327946,42.54027234505818,76.45571130122875
11,37,228.65609471672076,143.5733645692443,72.33188503349439,42.49012472878691,76.45571130122875
11,38,230.93883244710605,143.3890323117953,72.65362326016366,42.10572682170103,76.45571130122875
11,39,231.28676978312973,143.53409693477892,73.06583848123317,42.25717754115605,76.45571130122875
11,40,233.17382391275575,142.9430058431228,73.22136045343593,42.96315427289537,76.45571130122875
11,41,235.67029517522263,142.2553239249272,72.21636100811772,41.86040162610495,76.45571130122875
12,0,7.974082012865519,178.59958705525818,69.38662553676288,79.56403882473103,56.691552178351344
12,1,7.9040216437625626,180.21198242119308,68.77729389470407,79.15994282601037,56.691552178351344
12,2,8.021992350857943,181.6329895790881,68.49625817714332,79.21135493520752,56.691552178351344
12,3,8.624516196572065,181.43692397289632,68.49264363224172,79.53821586496868,56.691552178351344
12,4,8.964176304571586,182.20803829839852,68.92932830637011,79.97598665509551,56.691552178351344
12,5,9.869016199613116,183.35670792227708,69.38453904632068,80.0925786469003,56.691552178351344
12,6,8.689821571267277,183.77561065737737,68.40753110250664,79.55724674015755,56.691552178351344
12,7,11.002541481421703,184.62795654168332,68.75197938067124,80.15907913826116,56.691552178351344
12,8,10.33587847918043,185.4530004531914,69.04512381731467,79.77122809077231,56.691552178351344
12,9,10.976892745396956,186.25998187112492,69.1227498122726,79.87116267136854,56.691552178351344
12,10,12.188138964832566,187.19634769207886,68.92105366720503,79.39160943868362,56.691552178351344
12,11,12.345505059745916,188.0294005483458,67.9461433988965,79.99114106915306,56.691552178351344
12,12,13.139531284996153,188.04324987091425,68.65659112967843,79.70283529050161,56.691552178351344
12,13,13.648299434506932,189.1696844274628,69.23059709205077,79.88792536313886,56.691552178351344
12,14,13.519059152966413,189.89246481592937,68.94877004671041,79.9824998888794,56.691552178351344
12,15,14.723115494648493,190.85061692412586,68.92534467392437,79.75645736698213,56.691552178351344
12,16,15.264865620512413,191.17764956633832,69.06134896749818,79.20826676047854,56.691552178351344
12,17,15.55015003845133,192.57023625685184,68.88038391408845,79.12420488029939,56.691552178351344
12,18,16.57875849490238,193.662693446081,68.88813065958735,79.90159987861817,56.691552178351344
12,19,15.79646828525067,194.24098247480586,69.34852230379805,79.41056200248525,56.691552178351344
12,20,18.08330100335912,194.53773944251364,69.12871852154431,79.51615444485215,56.691552178351344
12,21,17.40288797921509,194.8905922526465,68.68279795558195,79.69541449540732,56.691552178351344
12,22,17.350537258593484,196.17820498817522,69.17328201878546,79.38086211321871,56.691552178351344
12,23,17.551334378042913,197.09380762365262,68.71123925831006,79.46286296257291,56.691552178351344
12,24,18.685990260742408,197.55945259290422,68.98133821855097,79.75205965795031,56.691552178351344
12,25,18.990129315536215,198.57887406635865,69.18746828408624,80.15821902853183,56.691552178351344
12,26,19.481697523101204,198.86936828497417,68.42710867901881,79.09391423338437,56.691552178351344
13,0,394.28533076571836,11.947393888688241,78.48063329262962,54.29458014965874,37.75188952454801
13,1,396.5754950593096,11.952417781077562,78.25334531754346,55.00581420777013,37.75188952454801
13,2,399.18334102289936,12.868158389170306,78.28316264660279,53.82664986414708,37.75188952454801
13,3,400.9315056648039,13.423204033910622,77.84225066815502,54.84019651328441,37.75188952454801
13,4,402.5210649875776,13.447004449619959,78.24008200363198,54.79782704269227,37.75188952454801
13,5,404.4689417034815,14.222712398499773,78.77538133408866,54.936746431265114,37.75188952454801
13,6,406.87007027932685,14.627029245807496,78.0239774971719,54.24415169513546,37.75188952454801
13,7,409.03691977560896,15.013079599271173,78.56288743658627,54.83089360218771,37.75188952454801
13,8,410.4885014332683,15.32703124244277,78.11076861065678,54.59750348729007,37.75188952454801
13,9,413.3680107716034,15.061228608673694,78.99330529435467,54.919013293408334,37.75188952454801
13,10,415.72724606386595,15.649173958277013,77.99074808305848,54.36921249602383,37.75188952454801
13,11,417.4548706624948,15.970341958490966,78.62384246481331,54.62392592045486,37.75188952454801
13,12,419.02200499008796,16.932042435993942,78.81295632428704,54.35914468154018,37.75188952454801
13,13,421.7106803677154,16.898323197324476,78.4916968121891,54.547557205572694,37.75188952454801
13,14,422.9662305312897,17.879879302807247,78.0943553541817,54.3176015437959,37.75188952454801
13,15,426.0585512329494,17.620146140235104,78.16862180172247,54.38152523229713,37.75188952454801
13,16,427.7889118813354,17.66725896661298,78.60139081152069,54.22952370976434,37.75188952454801
13,17,430.18776565634556,19.00565878182145,78.46784157207489,54.312301422796494,37.75188952454801
13,18,431.7824307658991,18.617314927200095,78.22016868814082,54.9491701268423,37.75188952454801
13,19,433.3616028480715,19.770055414459303,77.79993597024935,54.56648678325636,37.75188952454801
13,20,435.8781532845539,19.71575694111813,78.17522281133256,54.238869090898994,37.75188952454801
13,21,438.3874715857612,19.455252286132175,77.82692387462008,54.71514428837386,37.75188952454801
13,22,439.4990160211797,20.60401661041589,78.3084134518347,54.864691479035635,37.75188952454801
13,23,442.53289436430765,19.974385737175773,78.60295735673743,54.403547517969464,37.75188952454801
13,24,444.1972151063844,20.682492149027766,77.99431203259013,54.574917278591506,37.75188952454801
13,25,447.79833258754155,21.562456090865258,78.40798843364853,54.52907382687074,37.75188952454801
13,26,449.0883148287538,21.117440521544754,78.51395507915248,54.53142391641974,37.75188952454801
13,27,451.1937026409533,21.92632840554099,77.80191989486342,55.165733499200904,37.75188952454801
13,28,453.8374638282066,21.44951419134612,78.44194686768462,54.24006390058955,37.75188952454801
13,29,455.39060742670694,22.053932456573456,78.73499116475789,54.00256940509894,37.75188952454801
13,30,457.6208895854414,22.032047002673895,78.40129802791492,54.48347703981299,37.75188952454801
13,31,459.2325710182169,23.93153700823406,78.87646578951306,54.4095346944677,37.75188952454801
13,32,462.3347397630483,23.49235777779902,78.48046512668598,55.03842873447237,37.75188952454801
13,33,464.0773000501371,24.81793617519778,78.32097445827657,54.55072326493832,37.75188952454801
13,34,467.29412376582314,24.41455234835835,77.79785042419348,54.64623030771264,37.75188952454801
14,0,287.79081454813956,74.00825998182827,98.69904158038298,56.86293290300549,79.51634634216293
14,1,289.8828977288783,74.25223385721796,99.58779280004829,57.04320627671795,79.51634634216293
14,2,290.84715901779913,73.47475104157681,99.09024613642752,57.20501632220344,79.51634634216293
14,3,291.16877494581087,72.27175872203051,99.21553645296383,56.74910421887494,79.51634634216293
14,4,293.81237993584966,70.46470298705543,99.09066486115182,57.55683917583772,79.51634634216293
14,5,294.2246902374299,69.7820285219365,99.14587301638268,57.33123393507988,79.51634634216293
14,6,295.15148674883375,69.82493944896275,99.27784320537754,57.00073374294082,79.51634634216293
14,7,296.9428417069283,68.21672651580057,99.79196742133506,57.15964936531592,79.51634634216293
14,8,298.2466521373365,67.20548517047492,99.5111852845605,57.12139117103823,79.51634634216293
14,9,299.9060067553872,66.77115978053784,99.4591753701199,56.77247884495148,79.51634634216293
14,10,300.39894369290346,65.80882799774605,99.90808260098503,56.84957423110216,79.51634634216293
14,11,302.6076358283082,65.32533515954879,99.8727395542182,57.115364415684965,79.51634634216293
14,12,304.62474414185726,64.11332202581866,99.18410464547603,56.49015016400584,79.51634634216293
14,13,304.8669075419148,63.01233027832998,99.47662581484991,56.94512028386868,79.51634634216293
14,14,306.21451116090753,61.11727356476722,98.84674926137369,57.0591576133555,79.51634634216293
14,15,307.17773399679226,60.99958376209367,99.11145510301338,56.96794428657888,79.51634634216293
14,16,310.34952462339817,60.1209785939386,99.24778348906413,57.043792899498044,79.51634634216293
14,17,309.8717519879393,59.856132532989406,99.60519429035278,56.93619510986462,79.51634634216293
14,18,312.0449644966247,57.94047961054856,99.46973373346047,56.69290183384485,79.51634634216293
14,19,313.3857955814275,58.11661396481483,99.48473374687956,56.918766833246366,79.51634634216293
14,20,315.04868503765186,57.430961115955306,99.57012957453998,57.12496385324578,79.51634634216293
14,21,315.4944307024793,55.76321970458122,99.92752938804459,56.490729599069645,79.51634634216293
14,22,317.7059243946257,54.70900669914327,99.8048563680131,57.05741314454543,79.51634634216293
14,23,317.45715825147363,54.72054002969575,99.00303449633128,57.33588971593218,79.51634634216293
14,24,319.79697417752726,52.79473875864072,99.392136521577,56.93203382901468,79.51634634216293
14,25,321.27579106591116,52.05807998849256,99.59132953310437,57.13330010243838,79.51634634216293
15,0,274.49807480462044,225.87053995646977,59.511458883980715,32.52559663095405,92.29979640615227
15,1,276.83239912909477,225.2498142860699,59.14863548984297,32.25503078150539,92.29979640615227
15,2,278.5594613362474,224.54366720636466,58.694301930144825,32.399816127603025,92.29979640615227
15,3,280.3455316215134,223.05187636757248,58.77423294535536,33.06281723779887,92.29979640615227
15,4,282.0988190202256,222.64562808296276,58.72065374233082,32.9901628215779,92.29979640615227
15,5,285.11426678149354,222.49081379720985,59.16465428670655,32.47438612127102,92.29979640615227
15,6,286.5543105870716,221.25236653105645,59.33686230234686,32.82960655878247,92.29979640615227
15,7,289.19418184679495,221.87162983131898,59.35153266544961,32.81230677178245,92.29979640615227
15,8,291.2810690912102,219.3339157984269,59.14080181504094,32.16819737677306,92.29979640615227
15,9,293.60919865157865,219.11615433203772,59.67131830662221,32.94040517624809,92.29979640615227
15,10,294.58580693509754,217.79051430677433,58.80217687559434,32.933564607110895,92.29979640615227
15,11,296.74262620324436,217.13749341861265,59.071968562521285,33.129760045708714,92.29979640615227
15,12,299.7492484049596,216.89933130361462,59.23181663582541,32.80577196814331,92.29979640615227
15,13,300.2463998641598,216.12715155017884,59.01775806216775,32.74316390213949,92.29979640615227
15,14,302.77218424670633,214.95265770770126,59.23664411965817,32.42934603843473,92.29979640615227
15,15,304.4547392811222,214.29639121926257,59.07248857733981,33.057265353350076,92.29979640615227
15,16,307.0227668542025,214.70339057419352,58.46554260953221,32.37034992850056,92.29979640615227
15,17,308.52239739283135,213.2872888521181,59.37044051826503,32.458008200925065,92.29979640615227
15,18,310.5704989421066,213.15617456673846,58.9107423235209,32.70371567798694,92.29979640615227
15,19,312.90159861441737,212.198606532424,59.024317929508605,32.86049559328012,92.29979640615227
16,0,757.5584336105569,153.18292842988174,90.05117961953297,76.56205666735751,93.2180908677592
16,1,753.7508280604865,154.1242792237561,90.03667322081071,77.08553193623379,93.2180908677592
16,2,751.162932057196,154.86888200194923,90.62123029223096,76.47640104788884,93.2180908677592
16,3,748.6114695777638,156.83600498930429,90.46762826985892,76.78908952535147,93.2180908677592
16,4,745.6450259457143,156.3951543135774,90.86892801956698,76.65291026077104,93.2180908677592
16,5,744.103287743329,157.50270321155858,90.72077114120314,76.6393476119513,93.2180908677592
16,6,740.6337513957465,159.40538115505714,90.47674568933944,76.94171574794424,93.2180908677592
16,7,736.9149641398456,159.5190523180939,90.95769198052527,76.63220171834715,93.2180908677592
16,8,735.1268122172221,160.62023444672081,90.15781189923763,76.2527249830514,93.2180908677592
16,9,731.6676949707112,162.49544071606272,90.32056711501208,76.34430005174887,93.2180908677592
16,10,729.057601590178,163.04324613533873,90.06014032556438,76.51333709317447,93.2180908677592
16,11,726.2223859372749,162.92934296287007,90.83900367797298,76.65867577474529,93.2180908677592
16,12,723.8910177233829,164.21055950774925,90.5580211716145,76.71938404040016,93.2180908677592
16,13,721.4690104063543,165.53209349439882,90.23708880242157,76.55667610102769,93.2180908677592
16,14,717.7264570117749,166.1701477034164,90.99335267968898,76.32911165644174,93.2180908677592
16,15,715.8671624412153,167.53627577726732,90.70249284070803,77.49842562213374,93.2180908677592
16,16,712.9376469968308,167.88223766871573,90.66233696625828,76.76484531241253,93.2180908677592
16,17,711.4103024046929,169.63583409184895,90.14364616838702,76.64195210748854,93.2180908677592
16,18,707.8897012811071,170.47588623787385,90.00405071162376,76.12368066936156,93.2180908677592
16,19,704.147361909676,171.48649811159711,90.29831382790373,76.15049019590501,93.2180908677592
16,20,701.9448986192417,171.16178666973028,90.26533174379895,76.44133475999539,93.2180908677592
16,21,699.212404288524,173.04049311308987,90.39907429620376,76.71880925334173,93.2180908677592
16,22,697.4082944675902,175.2355609852178,90.59987462029711,76.64405292768437,93.2180908677592
16,23,694.4095079727017,174.62378980061217,90.09653414941143,76.43956926354409,93.2180908677592
16,24,691.4507722512228,176.55905218591369,91.01152603344018,77.09822410256949,93.2180908677592
17,0,236.45041000018512,253.59473181226016,101.01943614667373,49.854203973024134,59.430298051809
17,1,239.08755898369296,254.42429654990164,100.21371071081937,51.01575512800182,59.430298051809
17,2,241.80291944011353,254.69214377216431,100.3909427696638,50.53589437407196,59.430298051809
17,3,244.39883690775653,253.7285127448605,100.6500608830088,50.23923441365126,59.430298051809
17,4,247.16053311523243,254.35460579954167,100.10388528444837,50.80399468976132,59.430298051809
17,5,249.8616581849361,255.01165152790892,101.00740133465898,50.268331922846954,59.430298051809
17,6,253.02325182361847,255.84234912804823,100.32859628591154,50.19158870058386,59.430298051809
17,7,256.36862260587816,256.194074754621,100.22854793143215,49.98243726206047,59.430298051809
17,8,257.8534443450262,255.89752243136678,99.77060081333958,50.75020821491832,59.430298051809
17,9,261.1864309074646,257.0537577891172,99.991733718976,50.25249438238024,59.430298051809
17,10,263.7184309856705,257.1988614737132,100.35551022463024,50.02454938340635,59.430298051809
17,11,267.08750554190595,257.8918443213113,100.43985401966995,50.70769683198081,59.430298051809
17,12,269.8487328286772,258.6092912361265,100.46630363120829,50.303588180520215,59.430298051809
17,13,271.70787533014794,258.73359025522177,100.20695654390776,50.1239688547229,59.430298051809
17,14,274.9280799367293,258.92511157733145,100.60836090357012,50.14326127939498,59.430298051809
17,15,277.50435026640724,259.49689381852176,100.2734465728771,50.317585186549714,59.430298051809
17,16,279.90810482143576,260.1744901336917,100.68763859730393,49.99585573150155,59.430298051809
17,17,281.99980627561285,260.1155720247888,100.35346508496522,50.55779843443089,59.430298051809
17,18,285.5961299326691,260.67095283457735,99.92968150596074,50.23366778998024,59.430298051809
17,19,288.2918794365862,260.65902288956306,100.13295420564404,50.23987900970876,59.430298051809
17,20,290.5765611764564,260.9397634333688,100.62756528805386,50.31538614293074,59.430298051809
17,21,293.4960557417733,260.2459708242436,100.0990649813813,50.953920708312836,59.430298051809
17,22,295.4183291394569,262.3508912238279,100.3280284755786,49.809066167197535,59.430298051809
17,23,299.7076254283828,262.6863654761986,100.26642154613342,50.65820978891691,59.430298051809
17,24,301.5039360529418,262.4454298934471,100.46727686277643,50.32872352577253,59.430298051809
17,25,304.64716981588987,262.98847698585246,100.26053054626962,50.48682463989395,59.430298051809
17,26,306.8277899248052,263.2381475379,100.26833513306508,50.42721389396658,59.430298051809
17,27,310.5915068181008,263.2199282248539,99.97845789825678,50.87627033077271,59.430298051809
18,0,567.8187658372948,206.25571299332074,61.56003794431722,33.28958697330864,66.62341435973539
18,1,566.0090698409426,205.42883942024105,61.664705962296665,34.02709123343883,66.62341435973539
18,2,563.7830676943108,205.20261635168742,61.50884247777457,33.79406978797012,66.62341435973539
18,3,560.7723739367891,205.31572373427915,60.96158451852459,33.77895132984775,66.62341435973539
18,4,558.4954769564971,203.47427145883836,61.38593896634053,34.32066517597739,66.62341435973539
18,5,555.034587655186,201.98435828438605,61.2742305786368,34.34265422838462,66.62341435973539
18,6,552.2449049520812,201.94180390955208,61.670852076424445,33.901873053851354,66.62341435973539
18,7,550.0402216625681,200.03367462528198,61.3387293292351,33.85123699933049,66.62341435973539
18,8,545.7824844841234,199.89884632682285,61.15886188408107,33.88080419480903,66.62341435973539
18,9,544.1593720210878,199.112449482931,61.28829058806428,33.69365981674413,66.62341435973539
18,10,540.8407697230119,196.97320337723468,61.17159058962163,33.96973875807093,66.62341435973539
18,11,538.0187424252048,196.58681462820675,61.431114381735,34.500683743748645,66.62341435973539
18,12,535.6162816067792,196.64633627572726,61.74352667176266,34.155666148246034,66.62341435973539
18,13,531.9007093775183,194.38097301914084,61.46854226860731,33.96348936321638,66.62341435973539
18,14,529.2452689548934,194.34616227954018,61.841941605646895,34.0656454020919,66.62341435973539
18,15,526.9603692720802,192.96012095206467,61.26833557988827,34.67816755862422,66.62341435973539
18,16,523.4941569720158,192.24528446643257,61.34057580778336,34.05310415726393,66.62341435973539
18,17,521.8504401526903,191.9150715291786,61.43268425290028,34.423120358986516,66.62341435973539
18,18,518.1489108729189,190.68832218119752,62.00857145985867,33.91279526577774,66.62341435973539
18,19,515.8396541516248,190.35206700560823,61.221974586241345,34.10536919123219,66.62341435973539
18,20,512.784606250137,188.13659890320665,61.59599618510282,33.832832929845765,66.62341435973539
18,21,510.9747946507979,187.79769445995933,61.41167298880124,34.09833318687619,66.62341435973539
18,22,507.4032221053036,186.7800451646279,61.49188640797979,33.913628179759925,66.62341435973539
18,23,504.3070196530121,186.23547244470092,60.833812757045735,33.84622668795663,66.62341435973539
18,24,501.76592799459416,185.23543433073257,61.35755540580074,34.12693886062364,66.62341435973539
18,25,498.79182903140526,183.22618073314328,61.75685910652595,34.16647044634177,66.62341435973539
18,26,495.692793858969,183.9863184059737,61.6779661999381,33.898420308734025,66.62341435973539
18,27,493.9296667241537,182.61063825717218,61.72338028388664,33.9055335216414,66.62341435973539
18,28,490.3029776042449,181.02218567979787,61.312400309656226,33.39214513929311,66.62341435973539
18,29,488.32808837275064,179.935487072568,61.64563157045445,33.6966058564063,66.62341435973539
18,30,485.0495197335185,179.02182874186195,61.468754157784886,33.606162775457825,66.62341435973539
19,0,30.45743199856575,59.77766379771121,83.64712200387775,34.29599545931932,51.77634339175701
19,1,30.002767700278643,59.92656672643645,82.9845694420245,34.31732481333055,51.77634339175701
19,2,28.599102535601883,60.23341043119164,83.77870365881884,33.830592478960014,51.77634339175701
19,3,27.584916947358263,60.4613719330297,83.00794737389732,33.70166831482738,51.77634339175701
19,4,27.302486788196838,60.064353009108586,82.93106299137627,34.20201785468768,51.77634339175701
19,5,24.985035235462128,60.87703552512761,83.12636879189158,34.05411327422181,51.77634339175701
19,6,24.477461368976705,60.435084302123755,83.0384964095796,34.510492161136526,51.77634339175701
19,7,24.070058141899846,61.03326465186241,83.52881606484193,33.843178729927146,51.77634339175701
19,8,21.74669876727198,60.49938157678688,82.86944783570543,34.26310158504134,51.77634339175701
19,9,21.206495691951808,62.52318944482844,83.45517822304794,34.01887386917812,51.77634339175701
19,10,20.19822102457325,61.76877574970028,83.50307907860982,34.00988133430448,51.77634339175701
19,11,19.243201875038263,61.69336872424549,83.59297358222246,34.02040521527927,51.77634339175701
19,12,17.86764628955122,61.48537974542146,83.49322154883977,33.947627556439706,51.77634339175701
19,13,17.096442106114758,62.224586005815155,83.14739182146444,33.530373856084616,51.77634339175701
19,14,15.679938283512607,62.07236289071608,83.85686592219868,34.52919806671673,51.77634339175701
19,15,15.231857899080538,64.04190973725996,83.58654401582693,33.72172126094451,51.77634339175701
19,16,13.310798798308323,63.116819593194556,83.18253495266158,34.18858148047608,51.77634339175701
19,17,12.481537216332663,64.08999844894717,83.09801326507794,34.46120739230713,51.77634339175701
19,18,12.5642902244965,63.05898789512474,83.37626164562275,34.60303181150816,51.77634339175701
19,19,11.504308754719766,63.91184927794985,83.33525891147383,34.14879342248153,51.77634339175701
19,20,10.350161180019843,64.01185439635661,83.24063468992468,33.98332618502827,51.77634339175701
19,21,7.980040812649782,63.81792148735444,83.76268452111746,33.980054668599415,51.77634339175701
19,22,7.276349599654114,63.96871153401854,83.13948667439719,33.95738579661153,51.77634339175701
19,23,6.859171460527478,64.43629843702104,83.55820855686581,34.30559139903362,51.77634339175701
19,24,5.571386479837776,63.40622793590455,83.26249150678252,33.929199359113376,51.77634339175701
19,25,4.957599866154958,64.67884027284984,82.9745619582174,33.96216611268218,51.77634339175701
19,26,2.7585840667673245,64.55270599315025,83.29790335505821,34.47878535802963,51.77634339175701
19,27,2.5598472002925967,65.41568670984077,83.47067891429992,34.02805033040695,51.77634339175701
