track_id,frame,timestamp,x,y,length,width,direction,speed
0,0,0.11310810375281766,465.2849773552986,-8.51283364539817,19.764811162060678,6.341244701676039,-1.0,60.01134289984965
0,1,0.20629737241278134,457.0861591655553,-8.554792132277045,19.595472820287466,6.371716073273949,-1.0,60.01134289984965
0,2,0.29443558203982734,449.70483087218435,-8.489833078963501,19.69352511892713,6.284271161480548,-1.0,60.01134289984965
0,3,0.4129018697863788,438.9536976897345,-8.529303198177663,19.65694226441243,6.26961241085285,-1.0,60.01134289984965
0,4,0.4975364942852096,431.6343587439445,-8.507016126109978,19.61637568139806,6.5161086127597185,-1.0,60.01134289984965
0,5,0.5986800648156104,422.16982299814345,-8.574330627817819,19.72538963166801,6.32273286079264,-1.0,60.01134289984965
0,6,0.6890839627250993,414.5916553654907,-8.565483877644507,19.672242689253018,6.321379754757431,-1.0,60.01134289984965
0,7,0.8018690314898704,404.87351016006784,-8.565241295652143,19.756066343736773,6.230008429271455,-1.0,60.01134289984965
0,8,0.885131136184411,396.95093747101,-8.555864268327134,19.874790123449216,6.309825106548938,-1.0,60.01134289984965
0,9,0.9654148093285376,390.31913675742715,-8.563506775572781,19.495459057835266,6.201094147293967,-1.0,60.01134289984965
0,10,1.070988064531201,381.3344502086825,-8.555045636947314,19.362139209553273,6.337270263662248,-1.0,60.01134289984965
0,11,1.1678967408090186,372.3339134211369,-8.614260208414901,19.74258598606509,6.401419759088242,-1.0,60.01134289984965
0,12,1.2833175514774164,361.7892691467275,-8.59992744873395,19.846961447232978,6.331194736848201,-1.0,60.01134289984965
0,13,1.3658262683802471,355.1500543226723,-8.516749077936428,19.563848009641763,6.3117265723537574,-1.0,60.01134289984965
0,14,1.452969143507222,347.663080309258,-8.652712008482718,19.67293101502976,6.285946645531701,-1.0,60.01134289984965
0,15,1.5582955413486843,337.8804954465751,-8.497047054913004,19.406826890649423,6.34511281332429,-1.0,60.01134289984965
0,16,1.663580946048691,328.5462937678737,-8.615885226314024,19.935665403857705,6.350124410281833,-1.0,60.01134289984965
0,17,1.753309564620944,320.8539734233573,-8.497562181518157,19.554183693296597,6.326257160816568,-1.0,60.01134289984965
0,18,1.8384564931136307,313.10688857409207,-8.506874822740594,19.54898073861687,6.358788261885235,-1.0,60.01134289984965
0,19,1.9520438772579884,304.1838357962451,-8.590215537172385,19.1986508365532,6.373519327525917,-1.0,60.01134289984965
0,20,2.040173539021484,295.5581527605466,-8.513569190414202,19.5237523648118,6.261228903616812,-1.0,60.01134289984965
0,21,2.1511601044184334,285.79797336272543,-8.587689277987188,19.656590031044747,6.227364341645325,-1.0,60.01134289984965
0,22,2.2511743616479083,277.07504512781924,-8.542864396002393,11.596559135835028,3.932795052736817,-1.0,60.01134289984965
0,23,2.3625777733517865,267.3703689665265,-8.598134131075414,19.64618960932783,6.354346325543677,-1.0,60.01134289984965
0,24,2.458643222307327,258.7131206785721,-8.458804281997638,19.480680892760624,6.22178394501058,-1.0,60.01134289984965
0,25,2.5722923420150225,249.09713830985194,-8.552002460831863,19.264331811205345,6.311674758695966,-1.0,60.01134289984965
0,26,2.664651069978046,241.2899038091046,-8.529710921111977,19.831927033053592,6.378197209112226,-1.0,60.01134289984965
0,27,2.7590425470377506,232.38113079172612,-8.53147099778398,19.677396973699498,6.322705190358297,-1.0,60.01134289984965
0,28,2.8587854094354865,223.80243090400597,-8.474302994359487,19.576948829039257,6.194515582365783,-1.0,60.01134289984965
0,29,2.9749855122682116,213.64763823136443,-8.59713402824594,11.628693948619686,4.074255604987641,-1.0,60.01134289984965
0,30,3.0872269405692965,203.36672357671486,-8.47885576471298,19.380950456424266,6.328694492711537,-1.0,60.01134289984965
0,31,3.1821011233641006,195.48682777953934,-8.5317640012724,19.700237200028923,6.150084702058117,-1.0,60.01134289984965
0,32,3.2937673715877143,185.00601489439862,-8.521528538635476,20.057582730422563,6.51383878872553,-1.0,60.01134289984965
0,33,3.405077790304761,175.23752110588268,-8.554973485478666,19.438769286978548,6.498546003468547,-1.0,60.01134289984965
0,34,3.5062467026099755,166.58368700371884,-8.598696426483807,19.644034196877,6.255467467367789,-1.0,60.01134289984965
0,35,3.592588903969444,158.93624240746615,-8.502508724306821,19.625151482062634,6.3175004474998655,-1.0,60.01134289984965
1,0,0.09804155544685565,60.30337113440806,-10.997270954432064,15.120862157787984,6.232056053318019,-1.0,46.20197805141228
1,1,0.21559162858605102,52.24753951006203,-10.95261706971529,8.74693169333709,3.792111438313589,-1.0,46.20197805141228
1,2,0.3060061974799754,46.87478335751042,-10.92644059463481,15.089538027583972,6.031223910891122,-1.0,46.20197805141228
1,3,0.4102665211056259,39.16424790656016,-10.89929468193162,8.95844711041121,3.74756507861143,-1.0,46.20197805141228
1,4,0.49105988692442337,33.530429971637005,-10.8924560428165,9.165155855603357,3.668089220126185,-1.0,46.20197805141228
1,5,0.5837262246113839,26.983895922880922,-10.9478508707094,8.856903979015533,3.777057786665003,-1.0,46.20197805141228
1,6,0.6938608413365183,20.31857336156518,-10.942047181498289,15.054612080235577,6.18631240492172,-1.0,46.20197805141228
1,7,0.7771426415771432,14.195938304218554,-10.932799416543903,14.557500509344582,6.501802946615024,-1.0,46.20197805141228
1,8,0.8608262002047078,8.991504650889196,-10.918804977581422,14.693127503645025,6.254491454732827,-1.0,46.20197805141228
1,9,0.9774385309493201,0.8926889064312393,-10.93005429469642,14.867257177402852,6.235637573144257,-1.0,46.20197805141228
1,10,1.0960169845557344,-7.159097208189185,-10.85720343777963,14.87392877573371,6.291939739291583,-1.0,46.20197805141228
1,11,1.1826651911794532,-12.538448761770669,-10.911792041683501,14.892413443939667,6.25860345938078,-1.0,46.20197805141228
1,12,1.2856933975930172,-20.265794061437298,-10.889397981709216,15.220966209731914,6.1436706883634535,-1.0,46.20197805141228
1,13,1.3881132553387132,-26.710012257586186,-10.911345456532851,15.049053555976768,6.224189914486709,-1.0,46.20197805141228
1,14,1.491511905275205,-34.036628397871574,-10.966373573912577,8.86774239605422,3.6784525281491143,-1.0,46.20197805141228
1,15,1.5716217911793116,-39.62328022430741,-10.941724569821803,15.327440907494843,6.183699021582797,-1.0,46.20197805141228
1,16,1.6548194914036363,-45.12456444735742,-10.922346851297407,14.84011103426347,6.099819207341283,-1.0,46.20197805141228
1,17,1.7677987771617136,-53.12477467140124,-10.864436778435994,15.05221746810572,6.239158673929019,-1.0,46.20197805141228
1,18,1.8728766971046158,-59.7663203056728,-10.951263617066017,15.369084453704474,5.963712941089129,-1.0,46.20197805141228
1,19,1.974522339236784,-66.54835737953083,-10.892567959440795,14.949933313984944,6.2120720922996036,-1.0,46.20197805141228
1,20,2.0666697013545674,-73.48172876931687,-10.85412452849414,15.225913805635619,6.191248755154913,-1.0,46.20197805141228
1,21,2.148148089274595,-78.81611734442882,-10.867807673364352,14.981687734110407,6.274614368566227,-1.0,46.20197805141228
1,22,2.2547241309206565,-85.73507041229428,-10.894359932584825,15.250142050669021,6.118199701522713,-1.0,46.20197805141228
1,23,2.361751254439421,-92.74864513014528,-10.790117369111236,14.80515771858365,6.237559542794422,-1.0,46.20197805141228
1,24,2.480384379269921,-101.37093692191448,-10.87045355413861,15.31568746500321,6.056291686862897,-1.0,46.20197805141228
1,25,2.5995646290934364,-108.6314756770101,-10.89638358589306,15.157038661844155,6.203494243666561,-1.0,46.20197805141228
1,26,2.683583520683464,-114.43873336608236,-10.867327011931602,15.012037457493339,6.182128271347384,-1.0,46.20197805141228
1,27,2.7755761423809764,-121.09145303704292,-10.905997826178751,15.203139482671265,6.180634144491622,-1.0,46.20197805141228
1,28,2.8940456123073734,-128.81925758730344,-10.964956010698806,15.095928813231199,6.105245864347667,-1.0,46.20197805141228
1,29,2.995715066695484,-135.76262140975237,-10.849201500028176,15.446515193783526,6.031880310397778,-1.0,46.20197805141228
1,30,3.077256722274838,-141.2268657390746,-10.956099072141178,8.82886039900616,3.4870533698029207,-1.0,46.20197805141228
1,31,3.1592360736603067,-147.2280903693385,-10.851133071677141,15.259481598775649,6.278313740210308,-1.0,46.20197805141228
1,32,3.2597747865911475,-153.64036637365254,-10.88079028538547,15.060496559794215,6.17152378073857,-1.0,46.20197805141228
1,33,3.3565910228000093,-160.25877213406886,-10.822367310915798,14.926718104432977,6.2204920810303115,-1.0,46.20197805141228
1,34,3.4444849773910797,-166.54311151492013,-10.866992992954897,15.084246217710227,6.172401025658309,-1.0,46.20197805141228
1,35,3.5297487193810673,-172.32189155099587,-10.841792544321263,14.823435792134015,6.136246795943513,-1.0,46.20197805141228
1,36,3.618587485931662,-178.12271894723636,-10.852072313606197,15.120587005391956,6.148974895939105,-1.0,46.20197805141228
1,37,3.713034899796962,-184.68385985641197,-10.935427592705095,14.992930798526798,6.195601224300655,-1.0,46.20197805141228
1,38,3.808813560973942,-190.62213064316416,-10.807933209851388,15.416193544721256,6.197001963718906,-1.0,46.20197805141228
1,39,3.9193242032237996,-198.4383077810621,-10.895163773005377,15.19200030829952,6.1500451872276045,-1.0,46.20197805141228
1,40,4.0314396389855425,-206.38059556702603,-10.896777047007435,15.07785508808034,6.235216830771788,-1.0,46.20197805141228
2,0,0.11122896738933712,436.70139810399843,-1.810270163765518,9.455867980856025,3.712103837368469,-1.0,56.76115703198927
2,1,0.22653455517292775,426.737610016045,-1.9970432812596375,15.8428181558048,6.006481788525081,-1.0,56.76115703198927
2,2,0.311955395322555,419.75873876121085,-1.9098616482435993,15.643806299925867,6.037144380696234,-1.0,56.76115703198927
2,3,0.42193382837183735,410.30572718491754,-1.8291332386760848,9.400158222367812,3.614727894850851,-1.0,56.76115703198927
2,4,0.5054213580113874,403.50009040299915,-1.9044803142350673,15.349299998644218,6.130895553335128,-1.0,56.76115703198927
2,5,0.6069651361487378,395.8149593379286,-2.002450854852409,15.3279568388234,5.958648135360477,-1.0,56.76115703198927
2,6,0.7218332320494788,385.9729013682088,-1.9912778465318777,15.751270634562257,6.045022692219746,-1.0,56.76115703198927
2,7,0.8217869558662727,378.1168880397118,-1.9763420027406131,15.270559709130056,6.173850393949985,-1.0,56.76115703198927
2,8,0.9070128212980281,369.9450560809181,-1.9662664742010811,15.293224574269344,5.820872741252283,-1.0,56.76115703198927
2,9,1.020073172054502,361.0921108577161,-1.8442090677992176,15.643179894547394,5.895251046692352,-1.0,56.76115703198927
2,10,1.1230686047803824,352.0577161694283,-1.9003624030331252,15.593508205859058,6.118221912623714,-1.0,56.76115703198927
2,11,1.2332637640365058,343.2122378383742,-1.8770020613926885,15.682674730406356,5.910870794588023,-1.0,56.76115703198927
2,12,1.3218302874897316,336.0890822286675,-1.8723632697339765,15.435738018477235,5.8702941791146825,-1.0,56.76115703198927
2,13,1.4351914590497339,326.14394927265334,-1.8932208548606944,15.579066343291892,6.043796803211724,-1.0,56.76115703198927
2,14,1.5234509136344112,318.966106992917,-1.848484395484911,15.483282976611024,6.027699207353939,-1.0,56.76115703198927
2,15,1.634945630166397,309.9394901121164,-1.8939391493809674,15.669173750320997,6.208085398066357,-1.0,56.76115703198927
2,16,1.7402184815205606,300.93195247360717,-1.9224132100587121,15.227421069344196,5.89526399568567,-1.0,56.76115703198927
2,17,1.859685598733245,290.8130512708938,-1.895331049111033,15.780858471837002,5.991883897321296,-1.0,56.76115703198927
2,18,1.9672593765526383,281.1448580031679,-1.9557700371922067,15.377481268365203,6.029274727709549,-1.0,56.76115703198927
2,19,2.0780677331965274,272.6800167065718,-1.874917209413696,15.292971927235222,5.973612578349331,-1.0,56.76115703198927
2,20,2.184057048227057,264.58935907575875,-1.9185881601960666,15.418542326187435,6.090372925871462,-1.0,56.76115703198927
2,21,2.301459356897913,253.82288218243082,-1.963563938994663,15.58493833135098,5.988948677325785,-1.0,56.76115703198927
2,22,2.415699689082359,244.7749239681287,-1.8935307747106718,15.591710961517434,5.879026030364027,-1.0,56.76115703198927
2,23,2.5036827424885755,237.926691154856,-1.898971257183375,15.73364138525655,6.06456125476995,-1.0,56.76115703198927
2,24,2.604880367014443,228.8900263872768,-1.8014547829330632,15.420411350653913,6.06744551692276,-1.0,56.76115703198927
2,25,2.688797189460288,221.43608309405107,-1.9604906878485333,15.523646369322185,6.188876428490901,-1.0,56.76115703198927
2,26,2.791977332736976,213.60961562463996,-1.9310367906421215,15.494106625536086,5.98474465654979,-1.0,56.76115703198927
2,27,2.9111017802449926,203.27560861182025,-2.0097192096646097,15.59546026579021,6.130915392984126,-1.0,56.76115703198927
2,28,3.0004875717499733,196.10520425887614,-1.967840465360046,15.479369474245269,6.12286346248489,-1.0,56.76115703198927
2,29,3.1178023863948123,185.85676556058448,-1.9617035259393913,15.508739343075495,5.963348834069341,-1.0,56.76115703198927
2,30,3.2360857476849025,176.49438652889333,-1.9752876044286931,15.541350885665908,5.807723937676006,-1.0,56.76115703198927
3,0,0.11342704369455836,280.7129028371222,2.492346330684827,17.756988862040423,6.286190565421515,1.0,50.9996106203967
3,1,0.21950250157924853,288.1296994811411,2.5047011904974394,17.666230329844257,6.496742292062813,1.0,50.9996106203967
3,2,0.3277076407567201,296.2587886025668,2.454198333763759,17.891506223406044,6.575686569788115,1.0,50.9996106203967
3,3,0.42143742725642525,303.65599156460036,2.526941919533026,17.627286552473414,6.5357167534169704,1.0,50.9996106203967
3,4,0.5028504325207568,309.0976681988351,2.450417973860614,10.558217979998354,3.722243398151042,1.0,50.9996106203967
3,5,0.6145841853627628,317.8039400754352,2.492354283792013,17.130883729203276,6.232538698185149,1.0,50.9996106203967
3,6,0.7013056750670351,324.12011607224173,2.5621732842970903,10.242692167411391,4.061589338810875,1.0,50.9996106203967
3,7,0.81581165971753,332.6695214064904,2.491039958747035,17.72612284239033,6.44562061130703,1.0,50.9996106203967
3,8,0.9258248590169555,341.12786592287733,2.5301728733000997,18.030732093131622,6.605682906930088,1.0,50.9996106203967
3,9,1.0194361389805677,348.54051211675636,2.5241655093352215,17.71703343633899,6.334202492609837,1.0,50.9996106203967
3,10,1.1243029568605034,355.74512462764835,2.5003543599387132,17.89552104262032,6.374556358328796,1.0,50.9996106203967
3,11,1.240839553692366,364.7535866713938,2.4464877605563595,17.957711216732186,6.25822632392883,1.0,50.9996106203967
3,12,1.3578853238706823,373.91727139698946,2.484528319844394,10.894885652334098,3.916034256118194,1.0,50.9996106203967
3,13,1.4699471080295443,382.3040167886122,2.493807971991115,17.602341162328155,6.4770785746867965,1.0,50.9996106203967
3,14,1.5888604044499939,390.87943468682715,2.487178346288354,17.878734723936194,6.2863633188337555,1.0,50.9996106203967
3,15,1.7050514135532042,399.27793864864344,2.516001995632535,10.735155762658712,3.775610550187663,1.0,50.9996106203967
3,16,1.8005254526916095,406.9471166597432,2.5247106733517,17.639049123617166,6.252302473323253,1.0,50.9996106203967
3,17,1.9126706780197498,414.9491946469208,2.367457842411546,17.82620660516331,6.254608519267828,1.0,50.9996106203967
3,18,2.0096569332750978,422.2241939129382,2.5147653815053825,17.786876803115405,6.580850184239871,1.0,50.9996106203967
3,19,2.0921567637577203,428.4562504123431,2.557119365801081,17.533629048596456,6.532629904474161,1.0,50.9996106203967
3,20,2.195723714716097,436.7651755783235,2.4432737845346395,17.847882081013793,6.5692162280489415,1.0,50.9996106203967
3,21,2.309279341882684,444.5167504353518,2.472931452080351,18.098389357147767,6.418799635100122,1.0,50.9996106203967
3,22,2.3935875457100173,451.06162453784117,2.425319106890919,18.017405180777406,6.466802313573999,1.0,50.9996106203967
3,23,2.4978223864295925,458.68245420886683,2.4933840441516106,17.58519107620904,6.4285827453270326,1.0,50.9996106203967
3,24,2.5780434156908965,464.628910754981,2.467983623457064,17.6534816540514,6.425440532770092,1.0,50.9996106203967
3,25,2.688291729309789,473.38130126939325,2.464387092631151,17.71338125709102,6.394657037845066,1.0,50.9996106203967
3,26,2.769963393861922,479.2347653400994,2.413352437118498,17.88434996038452,6.436123320576897,1.0,50.9996106203967
3,27,2.8841505792344657,487.79662331618107,2.430367206490855,17.94662801228452,6.271781352106273,1.0,50.9996106203967
3,28,2.9900689909582683,495.6151855499812,2.515523771909164,17.593238618858948,6.561609602205604,1.0,50.9996106203967
3,29,3.071959788646682,501.7755138519688,2.369383176580014,18.070998398258887,6.281083039160318,1.0,50.9996106203967
3,30,3.1794740543796687,509.69254510721623,2.4923016564680287,18.016304053962983,6.557781654010249,1.0,50.9996106203967
3,31,3.290201722410438,519.2239374341509,2.476201415703166,18.1517047215403,6.393245728320847,1.0,50.9996106203967
3,32,3.397536617576713,525.9231349554183,2.550193500988006,17.98608320041443,6.483960483665019,1.0,50.9996106203967
3,33,3.482588398214188,532.1875703233338,2.4267917955216145,18.11395709570569,6.302513535255417,1.0,50.9996106203967
3,34,3.5783278994981855,539.7722704010207,2.5472586829005484,17.890159771309662,6.349127977250521,1.0,50.9996106203967
3,35,3.6928150482156004,548.1494635830256,2.5656166516393992,17.886845874303514,6.417694000330767,1.0,50.9996106203967
3,36,3.811057670611928,557.161955601855,2.4483546552701023,17.68520481072457,6.654959730185989,1.0,50.9996106203967
3,37,3.922315177565075,565.3949809091574,2.369672844446223,18.26195205219513,6.451517755756478,1.0,50.9996106203967
3,38,4.020838459107248,572.4867496080005,2.5191451999374315,17.612053396653586,6.492354827985205,1.0,50.9996106203967
3,39,4.133841867390951,581.1797846268317,2.522963351337447,17.810822716429204,6.273717261297687,1.0,50.9996106203967
3,40,4.253325646423447,590.0977904349967,2.5168421887983805,17.77571649562699,6.312642278184839,1.0,50.9996106203967
3,41,4.345538134169865,597.0783907695535,2.455869209696466,17.562682224148308,6.551153675341253,1.0,50.9996106203967
3,42,4.459169175055741,605.4936482188109,2.5448814989550064,17.758307364681716,6.615150914889614,1.0,50.9996106203967
3,43,4.56544675686904,613.3570685636869,2.4357683659241234,17.787400449180048,6.438092462345443,1.0,50.9996106203967
3,44,4.657032464020942,620.5548230670834,2.3866241401255888,17.858465377390633,6.469607142679287,1.0,50.9996106203967
3,45,4.749777429147557,627.5116838154978,2.5030244889712607,17.550521533029414,6.439982569433614,1.0,50.9996106203967
3,46,4.838100350695113,633.2491420427477,2.438941873790978,18.015436174374855,6.426654053303896,1.0,50.9996106203967
3,47,4.95427755738394,642.5786089386993,2.5709628075305413,17.973521165064653,6.510080868687146,1.0,50.9996106203967
3,48,5.071563278850847,651.513954160732,2.446222763944537,17.74212752271221,6.352352426777691,1.0,50.9996106203967
3,49,5.164475049773601,658.2167154191669,2.458432885329635,17.843761510214044,6.346106065958452,1.0,50.9996106203967
3,50,5.2633850846053924,665.9533002794393,2.5257404699625257,17.587796015162702,6.332490101493211,1.0,50.9996106203967
3,51,5.380882253320228,674.2519019365,2.4274395797108137,11.15644134076317,3.7366988936671004,1.0,50.9996106203967
3,52,5.489073550780928,682.5003603246909,2.43623361898827,18.059441909937195,6.527975291414121,1.0,50.9996106203967
3,53,5.5976895957610715,690.5909689808992,2.4673335438740542,18.031009392804418,6.490152259107837,1.0,50.9996106203967
3,54,5.68869600092008,697.3853569617844,2.4917512685754915,10.220686960321416,3.851819493250152,1.0,50.9996106203967
4,0,0.09378698597380516,155.33518114819032,6.081715857901949,14.910261127325002,6.430496328688918,1.0,30.902072411300765
4,1,0.182098374659988,159.59718084447385,6.029700166495682,14.700231620873941,6.194449233779695,1.0,30.902072411300765
4,2,0.2844763018350974,164.22884351868555,6.068380139939677,15.474673555416508,6.3502738923467055,1.0,30.902072411300765
4,3,0.4011220647325606,169.7290883842969,6.092701150835937,14.98328178979911,6.451713733188149,1.0,30.902072411300765
4,4,0.499178915633567,174.11750450780386,6.0825932250861925,15.36715549573031,6.336046998659269,1.0,30.902072411300765
4,5,0.6073294858432406,178.78558605438403,5.925085377378674,14.870508235282205,6.316706644677932,1.0,30.902072411300765
4,6,0.6976388203781118,183.14883159381702,5.985543049950138,15.026340760709688,6.413920746706497,1.0,30.902072411300765
4,7,0.7945860308244845,187.1094368370869,6.054472605059634,14.721556650627367,6.262253077851449,1.0,30.902072411300765
4,8,0.8762222520582458,191.12540946762607,6.071385797615758,14.85906667359754,6.4506331403086925,1.0,30.902072411300765
4,9,0.9856785737575496,196.43582272087403,6.140264652634758,14.655133246230411,6.380243121582374,1.0,30.902072411300765
4,10,1.1040418508013032,201.74285743071243,6.046377452266033,14.847655754295694,6.313091561955867,1.0,30.902072411300765
4,11,1.1893125047083368,205.01850582565572,6.0209431420199735,14.999040276708994,6.425822315887722,1.0,30.902072411300765
4,12,1.3093041504524603,210.35404938578228,6.015318181578357,15.004575310959819,6.332376610620958,1.0,30.902072411300765
4,13,1.4147360540363296,215.19503348631235,6.028417792901108,14.846823141493596,6.540669551926064,1.0,30.902072411300765
4,14,1.512020770216217,220.01749379294913,5.960510422399958,14.802869672649924,6.348051634031291,1.0,30.902072411300765
4,15,1.6040881004147145,223.88508675341834,6.028071390713094,14.888172529144912,6.434771581817357,1.0,30.902072411300765
4,16,1.7194575631500777,229.01223302950652,6.110622850759114,14.924689557600503,6.512895702269635,1.0,30.902072411300765
4,17,1.8258741211199967,234.37641951389253,6.026003990664563,15.041731318203556,6.566719961305429,1.0,30.902072411300765
4,18,1.9244996217792882,238.60602158200442,6.093980451505572,14.810632909870117,6.406104444358127,1.0,30.902072411300765
4,19,2.0261628001049057,243.17667074734894,6.01141621443786,15.095831947697,6.389040531134527,1.0,30.902072411300765
4,20,2.114357485593608,247.18652159745312,5.994435733557174,15.068182875631818,6.3261581510933995,1.0,30.902072411300765
4,21,2.221344210685962,252.28940079769262,6.061942657248544,15.121964145860908,6.370535303787442,1.0,30.902072411300765
4,22,2.3393120541181807,257.3286887658735,5.997582464028277,14.641196035819464,6.404484798088015,1.0,30.902072411300765
4,23,2.446550722413466,262.2977434606102,6.0590140853501815,15.05798980151697,6.32799838010079,1.0,30.902072411300765
4,24,2.549481287438062,266.3863205456729,5.966148714771,14.966823241218567,6.397621956406423,1.0,30.902072411300765
4,25,2.648223042414281,271.1500862507815,5.947170887928793,15.083907910061098,6.276413434573001,1.0,30.902072411300765
4,26,2.735971532484982,275.45005295170165,6.14721224811003,14.691173512946744,6.420778663213637,1.0,30.902072411300765
4,27,2.837284593513978,279.44899392528936,6.121769152121735,15.146695871978334,6.33256913344763,1.0,30.902072411300765
4,28,2.941593820412287,284.4218591885611,6.044697048847499,15.145557389130083,6.4728315320587875,1.0,30.902072411300765
4,29,3.0473499465196063,289.74361043338484,5.903388364297074,15.469848755966229,6.178247292627465,1.0,30.902072411300765
4,30,3.157412429268785,294.23601962336875,6.021331490406969,15.367285839152057,6.377872828009565,1.0,30.902072411300765
4,31,3.2454288632987387,298.90830285552033,6.081367735487785,8.949723554602086,3.882330142505827,1.0,30.902072411300765
4,32,3.344317877841955,302.82766199590554,6.0129184921885805,14.817838175998906,6.466557501610432,1.0,30.902072411300765
4,33,3.460323177444149,308.0949445765122,6.023635321037884,14.741056536796188,6.412268517700406,1.0,30.902072411300765
4,34,3.546366791568261,312.2664359658708,6.04928812992847,14.831663871817511,6.315254958926091,1.0,30.902072411300765
4,35,3.659451165948232,316.86827252924735,6.0632238978448365,15.098566866420308,6.548311169495147,1.0,30.902072411300765
4,36,3.7405132468986815,321.04079487712875,6.019041467530965,15.05883307659326,6.508453665953541,1.0,30.902072411300765
4,37,3.8520035644182453,326.4409408387189,5.987618215523657,15.047910719014965,6.601029701937999,1.0,30.902072411300765
4,38,3.936291445339787,329.9237492609096,5.99436874342556,14.63778670198618,6.4355905753237295,1.0,30.902072411300765
4,39,4.035026680119901,334.2994887076313,6.038271733093969,14.735376404900713,6.426497797321462,1.0,30.902072411300765
4,40,4.130350656992301,337.9847936619876,5.979199064841927,8.95343725152826,3.7994910982795713,1.0,30.902072411300765
4,41,4.222255369568576,342.612497453119,6.060445622209564,15.077960732952386,6.484782365104024,1.0,30.902072411300765
4,42,4.306328135324291,346.75542510832105,6.040702445071223,15.337296847280314,6.514576680570866,1.0,30.902072411300765
4,43,4.41364805613665,351.3410966521799,6.08872045219674,15.066187868066299,6.408054312846938,1.0,30.902072411300765
4,44,4.495078109572294,355.0840598410005,6.041367569303183,14.97692349408727,6.357603317601402,1.0,30.902072411300765
4,45,4.593685044230721,359.7685629357483,6.031193034557046,15.004366589886406,6.485646594113365,1.0,30.902072411300765
4,46,4.677781329359427,362.9284683517741,5.927399645494079,14.707662855186399,6.4180430314727,1.0,30.902072411300765
4,47,4.785276864605109,368.29171882360293,5.998030804230288,15.115379453718736,6.312488860711046,1.0,30.902072411300765
4,48,4.885075911628001,373.00222295861005,6.120995734241478,15.11737329560409,6.166237501088795,1.0,30.902072411300765
4,49,4.994588823349534,377.9039842024083,6.065435600932278,14.968730647324113,6.327052690453955,1.0,30.902072411300765
4,50,5.0901668839634375,382.04859133518266,6.017288089502945,15.305173386715133,6.2444516459598605,1.0,30.902072411300765
4,51,5.2047812345670845,386.829272608096,6.150358768519727,15.2177398492921,6.436776693355308,1.0,30.902072411300765
4,52,5.287620261653043,391.13173487385006,6.061805523547941,14.973222200352991,6.327284061814298,1.0,30.902072411300765
5,0,0.1162436792928807,359.90793324622445,-11.965593726479725,17.867783739222645,6.311938545176995,-1.0,39.547258685373265
5,1,0.20094786121646357,355.9538714612732,-11.897673376657462,17.76188127152886,6.29014783819877,-1.0,39.547258685373265
5,2,0.29081238275564375,350.3278873313639,-11.865744626768771,17.86227140441217,6.189473717573414,-1.0,39.547258685373265
5,3,0.3947618918952289,343.87737105812386,-11.923504232566385,17.869928449497717,6.250842942286158,-1.0,39.547258685373265
5,4,0.49528296876636924,338.65399216186046,-11.928830070713927,17.718327581901047,6.332055066226008,-1.0,39.547258685373265
5,5,0.57885770310061,333.8921946038347,-11.928875272972274,18.193493191877664,6.39762542150981,-1.0,39.547258685373265
5,6,0.6814392745489901,327.5111990669638,-11.869252198329661,10.834681360860003,3.61588338802578,-1.0,39.547258685373265
5,7,0.7910065497269398,321.5902477578484,-11.859155230890508,18.106617023299965,6.144205922332965,-1.0,39.547258685373265
5,8,0.9061411695275965,315.04502764004826,-11.913026418081621,17.68242341703482,5.9778927717758155,-1.0,39.547258685373265
5,9,1.0080972201880922,309.1602121104508,-11.845618268255222,17.693940252056105,6.195772098587239,-1.0,39.547258685373265
5,10,1.1016738958895542,302.96806374233375,-11.950867005356024,17.80898641679015,5.9740154141108555,-1.0,39.547258685373265
5,11,1.2016864782532797,298.11308063128473,-11.937658843913201,17.659784703579433,6.138861237122002,-1.0,39.547258685373265
5,12,1.3080155383234269,291.6971554595751,-11.966610549583777,18.493447338574335,5.975484824669184,-1.0,39.547258685373265
5,13,1.3903296632736901,286.02743740204585,-11.83767311977671,18.599051036095027,6.0890101096068,-1.0,39.547258685373265
5,14,1.4799409117254156,281.34537013345755,-11.889153477995068,17.95702543114657,6.175009519193222,-1.0,39.547258685373265
5,15,1.5612847902356914,276.35918518484254,-11.872905854785312,17.876387168555485,6.090437626299642,-1.0,39.547258685373265
5,16,1.6764828351593735,270.05870858742026,-11.864922733959268,18.069473044098594,6.333898333970593,-1.0,39.547258685373265
5,17,1.7898389478943502,263.62837878371477,-11.969193939207488,17.899486246574547,6.043638873053688,-1.0,39.547258685373265
5,18,1.8751467194167186,258.3957111140376,-11.992123586962085,17.74087785105435,6.131407107008237,-1.0,39.547258685373265
5,19,1.9653720787056936,253.06392299155036,-11.961856313878744,18.09148187678294,6.099452334191342,-1.0,39.547258685373265
5,20,2.0495128414811363,248.41972513086344,-11.867152828588445,17.856642700635316,5.995528833940354,-1.0,39.547258685373265
5,21,2.1393343825313877,243.31497305388646,-11.882435235927518,18.394711191671586,6.247375401578101,-1.0,39.547258685373265
5,22,2.2571003817569677,236.1134952163489,-11.889606178783032,17.79276623524802,6.206067571524546,-1.0,39.547258685373265
5,23,2.3418428199797625,231.45313393979225,-11.82150874550861,18.131228078175386,6.169678430844858,-1.0,39.547258685373265
5,24,2.450449375727675,224.80099278715468,-11.900688875934325,10.558339018658161,3.6567133672555245,-1.0,39.547258685373265
5,25,2.5323848473685366,220.3311986884268,-11.9139081910105,17.651798248500473,6.286476351323276,-1.0,39.547258685373265
6,0,0.08213147576055647,-2.5592392674919644,7.067283146133358,19.74434719673148,5.98066617394391,-1.0,37.40978656542961
6,1,0.1687768142941457,-6.590998016222577,7.172798845127982,19.286721551560333,6.12579540411402,-1.0,37.40978656542961
6,2,0.2521369362390472,-11.402594222217243,7.1218396763767995,19.734084997293962,5.956350065282689,-1.0,37.40978656542961
6,3,0.34595840373755093,-16.25201733724427,7.145366982024746,19.704592549637965,6.054924909249172,-1.0,37.40978656542961
6,4,0.4533948315374501,-22.018448586753863,7.19185510474224,19.678080187462662,6.05648352393477,-1.0,37.40978656542961
6,5,0.5335878825727286,-26.67705559711326,7.088866026634876,19.40199460971212,6.010389151707755,-1.0,37.40978656542961
6,6,0.6405540586853705,-32.49418994372136,7.050300450529893,19.15670844872588,5.978595688237721,-1.0,37.40978656542961
6,7,0.7318346014244445,-37.42022892502334,7.076943072000877,19.689221221612847,6.002978492173889,-1.0,37.40978656542961
6,8,0.8407406910031415,-43.82503260567707,7.174684079608167,19.480261408789584,6.210800959035326,-1.0,37.40978656542961
6,9,0.9578047964162247,-49.95168089099815,7.105740149623309,19.404795130148287,6.063469593749996,-1.0,37.40978656542961
6,10,1.0707048754462403,-55.77879138011787,7.042258977912474,19.608025934507165,6.2013037498336665,-1.0,37.40978656542961
6,11,1.1641568065204169,-60.88129914325061,7.082515594050966,19.35746943000589,6.176060557997349,-1.0,37.40978656542961
6,12,1.2489624760540663,-66.33912349970568,7.096810005605884,12.236892254112915,3.6670181037262406,-1.0,37.40978656542961
6,13,1.3468940369148725,-71.24002008768558,7.180190851077806,19.482946892428775,5.816160396916166,-1.0,37.40978656542961
6,14,1.432947874064433,-76.44348363420421,7.039930566091408,11.897068930413411,3.5167281958402636,-1.0,37.40978656542961
6,15,1.5483650252787167,-82.15316623153977,7.13428663258981,11.660236252418471,3.6983696807760205,-1.0,37.40978656542961
6,16,1.6305084697867795,-86.98543950404739,7.088593678542993,19.713567507759493,5.967651438087989,-1.0,37.40978656542961
6,17,1.7459941423606942,-92.96207548834523,7.073826507477365,19.194051368199947,6.327916495385301,-1.0,37.40978656542961
6,18,1.8512789861898444,-99.2071686154551,7.091530911735247,19.39518587294107,6.133972454005671,-1.0,37.40978656542961
6,19,1.951764338097969,-104.45749690580836,7.133267192650982,18.97335357059257,6.074435305813334,-1.0,37.40978656542961
6,20,2.065489644987495,-111.43641030426716,7.133280898458032,19.507058186095453,5.895438310269694,-1.0,37.40978656542961
6,21,2.1582328902458636,-116.0712568452495,7.108872562972022,19.89199232798358,6.014047406813747,-1.0,37.40978656542961
6,22,2.277429446028118,-122.20614752851915,7.082465320215051,19.7130124012391,6.171442255171644,-1.0,37.40978656542961
6,23,2.3703360555862187,-127.59220980118677,7.127916667937016,19.22372388906042,6.281338527344541,-1.0,37.40978656542961
6,24,2.481356196114237,-134.09009930307332,7.086958094894483,19.695934552235837,5.991583231611397,-1.0,37.40978656542961
6,25,2.5787694962518297,-138.55109673711488,7.058717451668804,19.438621467671297,6.065904357145025,-1.0,37.40978656542961
6,26,2.6706704577631437,-143.8896780376779,7.193166921798738,19.736929475752998,6.325089946977101,-1.0,37.40978656542961
6,27,2.772435969265236,-149.850774472718,7.097446434015573,19.20983836551751,5.914411103663666,-1.0,37.40978656542961
6,28,2.876181398678256,-155.47319663493096,7.111120602008544,19.556670836901283,6.029946490426971,-1.0,37.40978656542961
6,29,2.96146129917742,-160.5131319600798,7.053695417671033,19.538227693553097,6.060558702196425,-1.0,37.40978656542961
6,30,3.054247912040327,-164.58745171492924,7.126125551776343,19.37846357436282,6.139823510382797,-1.0,37.40978656542961
6,31,3.1629541241490062,-170.65276232573254,7.137947939798034,19.259439531539954,6.102973986827948,-1.0,37.40978656542961
6,32,3.2524188216774492,-175.85264843673417,7.144731171090066,19.86472268194258,6.008938787018952,-1.0,37.40978656542961
6,33,3.346746000838829,-181.38424720556418,7.151814085666547,19.3594497486141,6.05147073026647,-1.0,37.40978656542961
6,34,3.4281649619009715,-185.83829278385662,7.132197970844841,19.137093969585468,5.9399428650106865,-1.0,37.40978656542961
6,35,3.5257724531595014,-190.3962083982869,7.234553892674206,19.173414564987315,6.013123874494841,-1.0,37.40978656542961
6,36,3.6424271513601654,-197.33380194811846,7.0443534041878095,19.74416026569071,6.200774296660816,-1.0,37.40978656542961
6,37,3.760010611873381,-204.31819760987187,7.106866408031423,19.51164520611834,6.150069496717293,-1.0,37.40978656542961
6,38,3.851048970293708,-208.95138617206516,7.091039986152918,19.73964269195014,6.152447491536079,-1.0,37.40978656542961
6,39,3.964869117237105,-214.95205134817652,7.040731603238391,19.45546848618461,6.2284011510483985,-1.0,37.40978656542961
6,40,4.068488088856445,-220.29114775655754,7.076916472046085,19.425851884360558,6.188451304919426,-1.0,37.40978656542961
6,41,4.163385516110918,-226.24308353402643,7.128348284892665,19.363186327777,6.06188943783455,-1.0,37.40978656542961
6,42,4.2688590920847655,-231.11831198779035,7.065491062716719,19.34389738366447,5.984343429455761,-1.0,37.40978656542961
6,43,4.35656751371719,-236.49550240924364,7.074213551521659,19.402993320598924,5.980715470040342,-1.0,37.40978656542961
6,44,4.469160249223059,-242.88053109572226,7.129315589313859,19.604234233276298,6.119017071931524,-1.0,37.40978656542961
6,45,4.574547406969486,-248.4839438961859,7.194770741527643,19.119444225029426,6.13945181882216,-1.0,37.40978656542961
7,0,0.11080416886500963,401.9134784785333,-0.42272672652178395,18.97764305908815,6.250015666718118,-1.0,57.61036447506605
7,1,0.19679060539259263,394.6118883380981,-0.27043158935964495,18.96302000822178,6.012370425341147,-1.0,57.61036447506605
7,2,0.3068865161951263,384.8817717647905,-0.3314924339551663,18.933633387993744,6.236553501215159,-1.0,57.61036447506605
7,3,0.39396857380150463,377.2624176768637,-0.4502058582689065,11.432136826289746,3.6089914589972616,-1.0,57.61036447506605
7,4,0.48400474896618334,370.13819197505387,-0.42152115216256497,19.06029714330647,6.157163425510542,-1.0,57.61036447506605
7,5,0.5794353242090818,361.82054033418433,-0.4080206644369822,19.239075190521373,6.024252242751991,-1.0,57.61036447506605
7,6,0.6857548473522196,352.76186845624636,-0.3503124111129321,18.849487802666474,6.206950082399384,-1.0,57.61036447506605
7,7,0.7706878566080028,345.2348310701746,-0.3574403567157839,18.891095048416677,6.233363245880947,-1.0,57.61036447506605
7,8,0.8624311925483736,337.69860455908,-0.33144606225367323,18.650394223779053,6.181460249881703,-1.0,57.61036447506605
7,9,0.9814282795588746,328.2839405141461,-0.35271756463697723,18.8977573152191,5.952560640929535,-1.0,57.61036447506605
7,10,1.063293266454442,320.94578452524826,-0.4188588967520618,19.112147081078973,5.975913218318621,-1.0,57.61036447506605
7,11,1.168372940406242,312.34912762492286,-0.40029327813780674,18.834807470370777,6.084856449091719,-1.0,57.61036447506605
7,12,1.2688484174216719,303.730338708091,-0.4480837002281768,18.953707211390295,5.912926227600329,-1.0,57.61036447506605
7,13,1.3543862373750903,296.04920747396017,-0.38478776743876775,19.158149656722635,6.128180030170042,-1.0,57.61036447506605
7,14,1.456199637236531,287.9196899418304,-0.39820988152044956,19.071985719612723,6.024861307991493,-1.0,57.61036447506605
7,15,1.5641816938227977,278.96704993745453,-0.29168090438222194,19.077124522620707,5.993023833706834,-1.0,57.61036447506605
7,16,1.6686146418095176,269.9616956502011,-0.4512245142750027,19.007749381423324,6.00983680710958,-1.0,57.61036447506605
7,17,1.7541629667297034,262.23086186807546,-0.39826308669529015,18.80903125080322,6.163305261148791,-1.0,57.61036447506605
7,18,1.857250055994769,254.53692038396701,-0.3665496783056515,19.37047013846674,6.190020848593111,-1.0,57.61036447506605
7,19,1.9553741533223847,245.51568530970312,-0.4181715143435429,18.796223075936172,6.1180605557579,-1.0,57.61036447506605
7,20,2.06725920278993,235.99297829096463,-0.41111299646819,18.662880644013065,6.083456956000258,-1.0,57.61036447506605
7,21,2.1854774260302183,226.42724959821228,-0.36654755291830377,19.35520143147296,5.993765766962445,-1.0,57.61036447506605
7,22,2.273320428691931,219.29563951056673,-0.45507273123222164,19.256629016345222,6.189495997245298,-1.0,57.61036447506605
7,23,2.3803317319519044,209.65034897437494,-0.4173414179271595,19.044474334834515,6.106784492554417,-1.0,57.61036447506605
7,24,2.4822362116756995,200.99603862737663,-0.46860356221643473,10.835899133781384,3.824396660130182,-1.0,57.61036447506605
7,25,2.5658034622226373,194.2688726366631,-0.35789960744545846,19.04865059824271,6.063077244405712,-1.0,57.61036447506605
7,26,2.649944657711687,186.55595827582448,-0.3679925689487439,18.911989945539183,6.101424697453971,-1.0,57.61036447506605
7,27,2.7502922704085058,178.10531384902498,-0.36919741045829396,19.211436586840964,6.238855010365759,-1.0,57.61036447506605
7,28,2.868735099835602,168.4570421171822,-0.4227687165784285,11.187964198315516,3.5228737980709695,-1.0,57.61036447506605
7,29,2.96933224330263,159.82269454595055,-0.40619089144047515,18.94764867838638,6.154438946690858,-1.0,57.61036447506605
7,30,3.0841952855408232,150.34983301677394,-0.4438806648974219,19.114859070884176,6.130194368623058,-1.0,57.61036447506605
7,31,3.1856644992370065,141.76518235728685,-0.36035874151526687,19.130338786232915,6.3061297297047005,-1.0,57.61036447506605
7,32,3.277031402481154,133.79807098853752,-0.3881936985516059,11.6920391438256,3.6554351798398947,-1.0,57.61036447506605
7,33,3.373206832517273,125.60120580269852,-0.41920597680023286,18.89160705461666,6.29935493383934,-1.0,57.61036447506605
7,34,3.4869854752963767,116.29850538079263,-0.3997611890490675,18.91020954578711,6.231050941900635,-1.0,57.61036447506605
7,35,3.601550813671496,106.5329625687332,-0.4194473493358236,19.07407120607056,6.141072159295047,-1.0,57.61036447506605
7,36,3.7050305501991034,97.6355185181259,-0.39281223242113295,19.01962831992142,6.064644128524467,-1.0,57.61036447506605
8,0,0.09994566255223437,157.6643043384211,3.164941469731294,10.336524766735726,4.0345911305939905,1.0,59.30887869835214
8,1,0.18639477071117871,165.0405350103419,3.173940514354438,17.649161982671803,6.6216033823617595,1.0,59.30887869835214
8,2,0.2828816186559864,173.99934144841276,3.055999216102028,17.298759669477963,6.549362129946108,1.0,59.30887869835214
8,3,0.3734480603487833,181.18738478295043,3.1705824538249576,17.74588591933805,6.842909510202331,1.0,59.30887869835214
8,4,0.47822106640005146,190.4475325579931,3.152410965113379,17.61358447449209,6.679868603668129,1.0,59.30887869835214
8,5,0.5672046673703702,198.25396498476704,3.2043708838613414,17.245545503484944,6.714137855280414,1.0,59.30887869835214
8,6,0.6540908462602384,205.8363986831609,3.1168468139423715,17.644854721872417,6.823292440296263,1.0,59.30887869835214
8,7,0.7459894911614524,213.35719407467246,3.117013961538707,17.15801727531306,6.8447061495623505,1.0,59.30887869835214
8,8,0.8629652849645768,224.07601433591208,3.1349259279686845,17.47386245111451,6.5672311286865535,1.0,59.30887869835214
8,9,0.978262761809273,234.50176146407347,3.1560733881115297,17.749961061284097,6.844780655495569,1.0,59.30887869835214
8,10,1.072831769784425,241.99258080985362,3.0889609819398953,17.53238578320526,6.717714768714127,1.0,59.30887869835214
8,11,1.16236109526045,249.9098312646044,3.1140143444476065,17.306245642051255,6.764778510180264,1.0,59.30887869835214
8,12,1.2697007403607456,258.6981402211869,3.1036706967925403,17.418844048118544,6.716294303643445,1.0,59.30887869835214
8,13,1.3571872550579775,266.72467034164833,3.124422592478966,17.56415391799085,6.737056265489589,1.0,59.30887869835214
8,14,1.4554031704765853,275.7580571648884,3.131129510829253,17.375302339826273,6.743385840381868,1.0,59.30887869835214
8,15,1.573102805771882,286.28711249884725,3.1038299791389954,17.46164793910181,6.60556104652616,1.0,59.30887869835214
8,16,1.6899290045690085,295.45443621270545,3.213995574003789,17.652422648902558,6.669816440603841,1.0,59.30887869835214
8,17,1.7850866148453264,304.3515166175156,3.190712907658099,17.564295198255014,6.834196152130411,1.0,59.30887869835214
8,18,1.8696077343022253,310.89183535918005,3.1201212853483384,17.57527691093194,6.633851691916741,1.0,59.30887869835214
8,19,1.9537705138305899,318.6292432905987,3.235025555382217,17.83630748921258,6.825246773386722,1.0,59.30887869835214
8,20,2.067003628064823,328.68395787082216,3.1417800486126986,17.368358551624294,6.612382909868239,1.0,59.30887869835214
8,21,2.1509163612108635,335.89930343213473,3.0977685823404086,17.76871227361096,6.750031034477177,1.0,59.30887869835214
8,22,2.2346374101596007,342.7201321246333,3.0637740460354386,17.4483676872354,6.7844684423772845,1.0,59.30887869835214
8,23,2.335215761098178,351.74945284457283,3.065431208644348,17.591613595077206,6.667010744557651,1.0,59.30887869835214
8,24,2.426831519712839,360.00016513757856,3.1394711742989343,17.401916198634147,6.644437860003303,1.0,59.30887869835214
8,25,2.545824187346981,370.52958585493604,3.1424868822320358,10.594280460201615,4.128763101604455,1.0,59.30887869835214
8,26,2.6655135862755275,381.01382952430816,3.1957080671147238,17.70713292308721,6.637811587287802,1.0,59.30887869835214
8,27,2.758619564440807,389.05631579622013,3.106486722144231,17.5018085224347,6.910798570966346,1.0,59.30887869835214
8,28,2.8399697866577056,395.926074635345,3.1473981184444213,17.493926647453197,6.728527148074191,1.0,59.30887869835214
8,29,2.959642581969335,406.0811110823407,3.238876492981616,17.45164019488364,6.618792488461503,1.0,59.30887869835214
8,30,3.067765237691167,415.8047234134412,3.1854771327893174,17.237536058269693,6.578208627730037,1.0,59.30887869835214
8,31,3.1588357655244743,423.05411860118966,3.13980730618809,10.565495037720785,4.131436242919009,1.0,59.30887869835214
8,32,3.240445632546332,430.5430407256577,3.055800562309211,17.60345075075164,6.597958517036719,1.0,59.30887869835214
8,33,3.3414497364706857,439.1611188195471,3.2082896198214472,17.626589476056502,6.611041007622293,1.0,59.30887869835214
8,34,3.4228281859045513,446.8236296730757,3.193766208485581,17.612111981850646,6.561857490823352,1.0,59.30887869835214
8,35,3.5391350386094524,456.7823944653573,2.9976840955022603,17.657271427176806,6.6939929491230545,1.0,59.30887869835214
8,36,3.631510790090879,464.1872055117018,3.038819556622369,17.350741885142952,6.796618347705217,1.0,59.30887869835214
8,37,3.7282492858389027,473.4493368942237,3.1609554985664157,17.847353606761285,6.647199953838932,1.0,59.30887869835214
8,38,3.830267094574702,482.3416302553504,3.26700524358608,17.379001386478368,6.788032612225498,1.0,59.30887869835214
8,39,3.947368364469975,492.2293759489773,3.038789217559829,17.282802792682432,6.741038673342566,1.0,59.30887869835214
8,40,4.028457663224607,499.5382340341186,3.2049848856724177,17.513367410364506,6.695301652038328,1.0,59.30887869835214
8,41,4.140737862514416,509.01208407376384,3.110448947867581,17.35058775965349,6.641333710909744,1.0,59.30887869835214
8,42,4.231624703229588,517.2214051924793,3.1277916028823527,17.71320740754464,6.792746374191789,1.0,59.30887869835214
8,43,4.329732297412402,525.6446643589868,3.124389240594432,17.32108858635807,6.653269211956412,1.0,59.30887869835214
8,44,4.439069083190733,534.7804080761451,3.135113848793678,17.60819369009815,6.724061063936868,1.0,59.30887869835214
8,45,4.537422298840094,544.0834968083641,3.209846899796585,17.50588455534349,6.783165366148242,1.0,59.30887869835214
8,46,4.618875907844822,550.9671768719323,2.99374372377312,17.462217771125637,6.681326414431181,1.0,59.30887869835214
8,47,4.710368169288314,558.3071628191037,3.0178663039725904,17.523449116175573,6.840482703657369,1.0,59.30887869835214
8,48,4.814975147209645,567.4390803758503,3.1906404415689753,17.623938563657823,6.833555035654845,1.0,59.30887869835214
8,49,4.924541764074206,577.5502147930072,3.0945683225335197,17.5804359891335,6.836357040197393,1.0,59.30887869835214
8,50,5.023535624118654,586.0993836684895,3.169306417738545,17.555962110456505,6.838400095564151,1.0,59.30887869835214
8,51,5.119812198106683,593.6885200537447,3.0467900969989072,17.30252026968361,6.695383294035068,1.0,59.30887869835214
8,52,5.231408539150661,604.0088551179067,3.087690474404078,17.54117403239312,6.767223203987095,1.0,59.30887869835214
8,53,5.346600651813675,613.8143799305523,3.0995542500970745,17.42022907038382,6.69557336233616,1.0,59.30887869835214
8,54,5.443943997374579,622.5481250587683,3.058943254295408,10.927178958457485,3.943118678987468,1.0,59.30887869835214
8,55,5.547154676980504,631.6657762477138,3.0574167229497067,17.55199828383776,6.835770124557522,1.0,59.30887869835214
8,56,5.643664871177675,639.9853571800022,3.14660747390471,10.63835860099547,4.040055362557513,1.0,59.30887869835214
8,57,5.7592111778367645,649.5288204738706,3.1248161148548275,17.215413836174278,6.664722198471237,1.0,59.30887869835214
9,0,0.09302601875108917,452.2722237540076,-0.7154725531776311,14.157745484386101,6.057270342320967,1.0,47.59445416680159
9,1,0.20480687700750344,460.03403700559625,-0.809894954434766,14.18914398137223,6.033870035266655,1.0,47.59445416680159
9,2,0.2917791371717774,465.2720086250707,-0.6757902071788053,14.238008537526232,5.965087236433799,1.0,47.59445416680159
9,3,0.3966425768524537,473.19097897424774,-0.7853867724251219,8.707425537123752,3.7309751621583374,1.0,47.59445416680159
9,4,0.47872148551715055,478.524176118835,-0.728089010183636,14.036660540597508,6.288188016945124,1.0,47.59445416680159
9,5,0.5921658734167916,486.2694608941723,-0.6652856070075011,14.142371597121807,6.0974777550116075,1.0,47.59445416680159
9,6,0.680615711178323,492.4791423959749,-0.6731864043211487,14.33654702780764,6.165507903258075,1.0,47.59445416680159
9,7,0.7704744521731511,499.15174562641636,-0.7327414053482567,14.48201042425486,6.137686134321292,1.0,47.59445416680159
9,8,0.852411653599212,504.35458278540676,-0.8560759672677419,14.400104250951648,6.162360633969516,1.0,47.59445416680159
9,9,0.9476752760813968,511.27814997055657,-0.7928633647986805,14.532743174694161,6.127487669875991,1.0,47.59445416680159
9,10,1.042934471586493,518.3941743393098,-0.7202353148189227,14.068589061444435,6.109686320679556,1.0,47.59445416680159
9,11,1.1462334525159916,525.4361623747382,-0.7523909909329671,14.069519456700705,5.963960226977718,1.0,47.59445416680159
9,12,1.2453448602646895,532.595033986969,-0.734309122287312,8.412195749172733,3.6949673221520993,1.0,47.59445416680159
9,13,1.337502324293042,538.2517059546828,-0.7037544608154526,14.126520797061,6.003629197767658,1.0,47.59445416680159
9,14,1.4315583949581292,545.7102441814033,-0.7341908479249091,14.446449451168247,6.212547680224148,1.0,47.59445416680159
9,15,1.5326245949182309,552.6489715470558,-0.7463369913380817,14.308648360202927,6.151931696274334,1.0,47.59445416680159
9,16,1.6284615627789518,558.7226617139462,-0.7358591787233272,14.257245664700074,6.054397068783488,1.0,47.59445416680159
9,17,1.745263782546985,567.4043364385747,-0.8361912960725827,14.449900102580456,5.972491744294282,1.0,47.59445416680159
9,18,1.8271360888336703,572.5839114672443,-0.680135895665242,14.158990391674653,6.098818022422189,1.0,47.59445416680159
9,19,1.9464765853744814,581.5387980149715,-0.6652945797356403,13.90173447142369,6.140567649808707,1.0,47.59445416680159
9,20,2.029406648649493,587.124977837531,-0.7670887311387138,14.13592065676895,6.24356928107568,1.0,47.59445416680159
9,21,2.1472534469273614,595.6490437044267,-0.7636445688918269,8.789842399197099,3.7981228267298746,1.0,47.59445416680159
9,22,2.2433753450878084,601.4778309229756,-0.7433430436789664,14.3331440277127,6.198150108895163,1.0,47.59445416680159
9,23,2.3234060744854736,607.9500088797699,-0.7174241783913604,8.49073366410558,3.509802789412968,1.0,47.59445416680159
9,24,2.4331180881662817,615.0639000238359,-0.763521710584302,14.303619795353697,6.1941101950479505,1.0,47.59445416680159
9,25,2.521257883352684,621.4700083026961,-0.6638776503930974,14.446771320427233,6.172140337605518,1.0,47.59445416680159
9,26,2.635809479933197,629.3630525293908,-0.7273736688099065,14.493955683155328,6.234675601130582,1.0,47.59445416680159
9,27,2.7228707532123266,635.351685063388,-0.7505323448693233,13.983898515096417,6.2562877833284745,1.0,47.59445416680159
9,28,2.8065771529061543,641.1441875723295,-0.7046923474726632,14.308943434856495,6.226374374065243,1.0,47.59445416680159
9,29,2.889542848537579,647.3502516032576,-0.7280353052390471,14.24426552927092,6.1961815429666665,1.0,47.59445416680159
9,30,2.9718198410160084,652.7869798947846,-0.6067397037887218,14.242273718214157,5.996254714672552,1.0,47.59445416680159
9,31,3.0799738369044194,660.6666077446589,-0.739509072310573,13.874029437390245,6.0763603404058095,1.0,47.59445416680159
9,32,3.1891077468705866,667.7782392038021,-0.7418350863921999,14.39291627111441,6.302288048661594,1.0,47.59445416680159
9,33,3.2904972847926452,675.0775396261329,-0.7264371805795139,13.976254126028316,6.258053568027679,1.0,47.59445416680159
9,34,3.372476046677975,680.9486215324529,-0.7623509927358207,14.557850328614988,6.141869820501837,1.0,47.59445416680159
9,35,3.4835958270514777,688.4720387508372,-0.6626692895439131,14.126989196240627,6.06911362276612,1.0,47.59445416680159
9,36,3.5770430375815025,695.4716897116342,-0.710091398610094,14.375703325897149,6.224786699882678,1.0,47.59445416680159
9,37,3.6639935548256046,701.2031785326982,-0.6810341468046807,13.913928204141458,6.124244703750424,1.0,47.59445416680159
9,38,3.754528010575,707.9006665696543,-0.7865633642542941,14.185153174433044,6.11600349699215,1.0,47.59445416680159
9,39,3.8546731439583235,714.5777419199686,-0.7731637110125698,14.293095000034203,6.079191719309417,1.0,47.59445416680159
9,40,3.9395377263790756,720.3095261763866,-0.7545697105501816,14.070298877468051,6.168707474875298,1.0,47.59445416680159
9,41,4.025347066915699,726.2263338265194,-0.7925155936043813,8.680286233133236,3.6181794638043643,1.0,47.59445416680159
9,42,4.1160375616723925,733.2428671888119,-0.6575120529105374,14.294160258445862,6.083058045935347,1.0,47.59445416680159
9,43,4.226237554634131,739.5770410815745,-0.6669994444509959,8.64147382080571,3.5637830541830287,1.0,47.59445416680159
9,44,4.3122248556761935,746.0979082170759,-0.6834378770745654,14.42518103346712,6.21722523077297,1.0,47.59445416680159
9,45,4.421797443398807,754.0689947548715,-0.7121030805762236,14.303328430177771,6.203384469537227,1.0,47.59445416680159
9,46,4.539011670680686,762.0285279191529,-0.6837050247531682,14.356472454157474,6.27261096604581,1.0,47.59445416680159
9,47,4.649153790356033,770.2210470430383,-0.6698277258669676,14.411835060810173,6.1691144814949945,1.0,47.59445416680159
9,48,4.747471000970974,776.3511127309333,-0.7108105646842989,14.314979900541257,6.044896418916036,1.0,47.59445416680159
9,49,4.86498459457881,784.9134592896279,-0.7838599932687225,14.275353868878364,6.146368652057951,1.0,47.59445416680159
10,0,0.10890498037089383,357.13357382400744,-3.078833106921907,14.403064222487442,6.269501256729871,1.0,85.8713005226913
10,1,0.2089508142679531,369.6075745213197,-2.963742925668454,14.167672410475086,6.628536823267243,1.0,85.8713005226913
10,2,0.31249365959271946,382.9679106982269,-2.988388728662121,14.518987461470319,6.427091695004964,1.0,85.8713005226913
10,3,0.3985360747496829,393.27956161163735,-2.9896742312866835,14.604253418284618,6.508645292319643,1.0,85.8713005226913
10,4,0.5071727799548853,407.1129093873771,-2.998696276652496,14.313105025055743,6.4806352168168235,1.0,85.8713005226913
10,5,0.608351993713895,419.3686340906567,-2.947207366555671,14.488468137833022,6.313227842388618,1.0,85.8713005226913
10,6,0.7014167401337277,431.44469341882626,-2.9847386915135514,14.586989770307248,6.652828418640827,1.0,85.8713005226913
10,7,0.8135890449624065,445.7756668802827,-3.022989554856732,14.621014557307705,6.324515970337688,1.0,85.8713005226913
10,8,0.8938011890637977,456.1541987659331,-3.0526868998583887,14.370907922101264,6.388791514349718,1.0,85.8713005226913
10,9,1.0032388720668197,469.83450841061995,-3.036894587390212,14.479740677314684,6.504245056265761,1.0,85.8713005226913
10,10,1.1151636201647928,483.5381217404028,-2.911036253711654,14.285138723857385,6.431667137125892,1.0,85.8713005226913
10,11,1.2300759320265566,498.199982981675,-3.0458852627308435,14.685148435371843,6.375088078684512,1.0,85.8713005226913
10,12,1.3147263249482064,508.9509827528552,-2.9761719356403478,8.79823135914956,3.8373031850242354,1.0,85.8713005226913
10,13,1.4335418296393074,523.3009924602734,-3.0491859012453237,8.821843180919123,3.815019510392938,1.0,85.8713005226913
10,14,1.535691940925883,536.8520608285971,-3.0137440452762165,14.28000390245711,6.622328270515101,1.0,85.8713005226913
10,15,1.6327867339368698,549.053822946304,-2.979604997469635,14.421769098012499,6.575145114486272,1.0,85.8713005226913
10,16,1.7338992342915092,561.662755980902,-3.0109952701273817,14.604518307584195,6.361189733207171,1.0,85.8713005226913
10,17,1.8228459528878882,572.7202768910898,-2.9622715541222098,14.214423496000137,6.610563979969898,1.0,85.8713005226913
10,18,1.9425333597564118,588.0267165421145,-3.006185098733028,14.35267905922885,6.555536764412909,1.0,85.8713005226913
10,19,2.041287332056095,600.196757910032,-3.0533357661650062,14.6062758699789,6.60473148991675,1.0,85.8713005226913
10,20,2.1249250485145494,610.3617299289704,-2.9377727972914234,14.611247965511208,6.41811001090908,1.0,85.8713005226913
10,21,2.216132665201143,622.2802440064921,-3.0642192326004167,14.103553388662345,6.498815829801837,1.0,85.8713005226913
10,22,2.3047485846094924,633.2697546076088,-3.040996963707729,14.382844572841092,6.526186704878831,1.0,85.8713005226913
10,23,2.4114276628485314,647.3141403816838,-2.962294891927649,14.62617564232731,6.342075286323312,1.0,85.8713005226913
10,24,2.502652007612963,658.3016377978781,-3.0052036366896777,14.027230764201635,6.455651549481127,1.0,85.8713005226913
10,25,2.605415963383652,671.5424306253047,-2.9958146139197184,14.487108792792768,6.463023966161521,1.0,85.8713005226913
10,26,2.6938002527023226,682.4649688212869,-3.0595786892424663,14.642126640707275,6.477857459666406,1.0,85.8713005226913
10,27,2.778487143308718,693.2568559398421,-3.036059434967603,14.397344967041448,6.469287520273575,1.0,85.8713005226913
10,28,2.891881594084173,707.8293872675584,-3.0750569614241,8.667862104267194,3.8495116008833166,1.0,85.8713005226913
10,29,2.9916084154845453,720.3131624263044,-3.1188505348557896,14.664855239874024,6.522721930843972,1.0,85.8713005226913
10,30,3.0735199549558208,730.5651779801341,-2.960494752748501,14.635225352216889,6.394358162427934,1.0,85.8713005226913
10,31,3.172740201403505,743.1020118118151,-2.984570021087745,14.237699794962461,6.467976887545365,1.0,85.8713005226913
10,32,3.2669884076996136,754.9761075466511,-3.0494628400681756,14.299685957596429,6.399847059483509,1.0,85.8713005226913
10,33,3.350795854939395,765.2370957216749,-2.9678512326496715,14.739987674331148,6.486316636086875,1.0,85.8713005226913
10,34,3.4349217426916425,775.3212191114371,-3.068350630275091,14.665565579844898,6.4870094280821355,1.0,85.8713005226913
10,35,3.5312729356050423,788.1414480174893,-3.1000462029345455,14.444939840254268,6.364484322991498,1.0,85.8713005226913
10,36,3.6335209380502835,801.1921275091804,-3.1246274775022456,14.496761616498748,6.398997799223016,1.0,85.8713005226913
10,37,3.7457217308149438,814.8694479996523,-2.9371576086717854,14.715469709848072,6.520757643317351,1.0,85.8713005226913
10,38,3.8269725153187277,825.4861741481697,-3.0393592013260804,14.722707284982627,6.455201418572645,1.0,85.8713005226913
10,39,3.9089955649353922,835.3861112647842,-2.9763941621710392,14.525647672587693,6.390543794947126,1.0,85.8713005226913
10,40,4.018218490005566,848.9940488878892,-2.974733998889087,14.641639490359877,6.178831282009927,1.0,85.8713005226913
10,41,4.1312279456818874,863.9381715519654,-3.0614343531108505,14.616222414989169,6.492159635007317,1.0,85.8713005226913
10,42,4.215018236691211,874.1320383238797,-3.045751165032105,8.642352311870042,3.8815638409404323,1.0,85.8713005226913
10,43,4.295653364276082,884.2263404984345,-2.929212373354788,14.80187694826637,6.536037876331711,1.0,85.8713005226913
10,44,4.3798256353275224,895.1198768625048,-2.939046717860754,14.40399235447741,6.49254371782188,1.0,85.8713005226913
10,45,4.470127744994421,906.4162731482944,-3.053112414364336,14.962756470621427,6.604233753447041,1.0,85.8713005226913
11,0,0.10285218356502868,402.4678571594588,7.588865327452764,10.801645866208657,3.5498431228952545,-1.0,40.92493434001957
11,1,0.1843972864497248,396.5289959087967,7.667905002363843,17.91399126003728,6.028879571364119,-1.0,40.92493434001957
11,2,0.26900796667624727,392.0571727617148,7.598332803383057,18.24967029073589,5.934362611834032,-1.0,40.92493434001957
11,3,0.386262224331744,384.7643066637515,7.643724138523629,18.58755446073908,6.008831808860019,-1.0,40.92493434001957
11,4,0.499239125007006,378.2996694303507,7.653478731879933,18.44256765259686,5.979403480920439,-1.0,40.92493434001957
11,5,0.5966890937464028,372.51651803287047,7.57611265218796,17.869236478405483,5.9390848320101295,-1.0,40.92493434001957
11,6,0.6867481202928611,366.92263127348855,7.697513923642563,17.968240062688913,6.020390389917957,-1.0,40.92493434001957
11,7,0.7911908815677448,360.5247092169597,7.641604438437973,18.05738985181293,6.119036222183742,-1.0,40.92493434001957
11,8,0.8866728602271035,354.8971965993312,7.72645946780221,18.464277970867673,5.980362496439237,-1.0,40.92493434001957
11,9,1.0037775499095873,348.02461774893357,7.725407676516241,18.114054900425828,5.907311912536985,-1.0,40.92493434001957
11,10,1.1223255773459047,341.0601717482679,7.665374547537929,18.2812478784261,6.011380133131525,-1.0,40.92493434001957
11,11,1.236006881072377,334.19681814191256,7.642763097859239,18.293941181564946,6.030582214808004,-1.0,40.92493434001957
11,12,1.3307571885121174,328.5036502500607,7.6620110026814245,18.253618555328877,6.056005731409105,-1.0,40.92493434001957
11,13,1.4487567309135931,321.1925787354191,7.629443845030842,18.313669700532706,6.024874624995802,-1.0,40.92493434001957
11,14,1.564565170920651,313.90736353495726,7.756539752764173,18.273574338138634,5.867967238649417,-1.0,40.92493434001957
11,15,1.6782728904276396,306.98969948914134,7.688614772627914,18.070564360684454,5.864456572949416,-1.0,40.92493434001957
11,16,1.790442405495019,300.46204612928403,7.609602081891804,17.850604679501657,5.819893344600479,-1.0,40.92493434001957
11,17,1.8846553243924489,295.12288072879437,7.701758749448765,10.993415735299392,3.46662211955579,-1.0,40.92493434001957
11,18,1.9787622947944938,289.5510497937937,7.649041498970825,18.252148898790928,6.030076455889511,-1.0,40.92493434001957
11,19,2.09009189108631,282.39595165102946,7.6356708446276675,18.289752855498193,5.985500055857947,-1.0,40.92493434001957
11,20,2.1742047224074907,277.2431105313881,7.646257066940651,17.85168133248432,6.076819038658462,-1.0,40.92493434001957
11,21,2.285775434445338,270.72833969100685,7.681175578480293,18.01358064482731,5.940893777622598,-1.0,40.92493434001957
11,22,2.4035022750130066,263.2435843228674,7.698562961311801,18.237947158980543,6.208748224824335,-1.0,40.92493434001957
12,0,0.10532839766549221,198.7758765986136,-2.6151326594040563,19.415218218202757,6.078458224545394,-1.0,41.77196391703094
12,1,0.20408309034009137,192.7789339803642,-2.725087324470493,19.940178900494526,6.187234917478325,-1.0,41.77196391703094
12,2,0.3065726711807214,185.8738575413773,-2.668068274234504,19.829629230371182,6.079020515322913,-1.0,41.77196391703094
12,3,0.38906843479069997,181.03057871017776,-2.583996659604387,19.994967018475958,6.0026410958716045,-1.0,41.77196391703094
12,4,0.47069011907780156,176.09729591083905,-2.753821560710644,20.083181187035027,6.0306488500497215,-1.0,41.77196391703094
12,5,0.5532559321030434,171.3419399279633,-2.619565231793379,19.88341353634486,5.976761806788432,-1.0,41.77196391703094
12,6,0.6393956111213797,165.6274972804107,-2.6315815229261874,19.715795786469815,6.0823275192739175,-1.0,41.77196391703094
12,7,0.7570491330287501,158.97996759949797,-2.606027304268543,19.84808278740915,6.01727542107547,-1.0,41.77196391703094
12,8,0.8519190771899015,152.78872716551518,-2.6412933859149392,19.697623930642685,6.126801698018824,-1.0,41.77196391703094
12,9,0.9550179582775509,146.85979517401006,-2.644066979247384,20.029085903113838,5.874239742690717,-1.0,41.77196391703094
12,10,1.0611922661983981,140.41875076348362,-2.675987348622178,20.16829461329783,6.035517928138569,-1.0,41.77196391703094
12,11,1.1413202476944,135.201529404301,-2.653762837578589,20.29064579445956,6.111497191086014,-1.0,41.77196391703094
12,12,1.2452118126608032,128.56040855099138,-2.6422044338389545,20.248232092741844,6.233942206926072,-1.0,41.77196391703094
12,13,1.3487338572844412,122.18295050917158,-2.6118302918118848,20.024554925977373,6.09849935560547,-1.0,41.77196391703094
12,14,1.437313413910336,116.81886718391009,-2.697668756555094,20.034925399090667,5.9529534871931755,-1.0,41.77196391703094
12,15,1.547653200406657,110.22864029254092,-2.6704870269407945,19.897018635367584,6.200973739837205,-1.0,41.77196391703094
12,16,1.6412468989300333,104.25947812713702,-2.7776939785485375,12.216914566508365,3.7500967891688015,-1.0,41.77196391703094
12,17,1.727248286189473,99.04116001026927,-2.66043247766658,19.60446602706388,5.938660671818832,-1.0,41.77196391703094
12,18,1.8323474131138966,92.42080707952832,-2.7002836907854144,19.643461580160572,6.085509076604624,-1.0,41.77196391703094
12,19,1.9175540354999834,87.29433081787472,-2.6026745240318636,19.628523020835615,6.200808197494747,-1.0,41.77196391703094
12,20,1.9978784523556428,82.79535047547623,-2.717773518505595,12.04493818509253,3.623311178784492,-1.0,41.77196391703094
12,21,2.086003910045472,77.07296738322611,-2.5674474189243752,20.15966839574256,6.011495960585691,-1.0,41.77196391703094
12,22,2.2011088375532806,70.37840610019694,-2.6535172292560625,19.675005898285495,6.092186545473824,-1.0,41.77196391703094
12,23,2.287646901068298,64.85847990198138,-2.607257483534501,20.094974890720277,6.168746859128732,-1.0,41.77196391703094
12,24,2.3720669514385726,59.66656437148086,-2.5211984773023834,19.640769904827422,6.105166080868863,-1.0,41.77196391703094
12,25,2.4900518700434855,52.14823970303872,-2.675587029277901,19.84670445693572,6.231904140175797,-1.0,41.77196391703094
12,26,2.6050604687725984,45.02574001297084,-2.6802140270694195,19.76470404264006,6.098301288642378,-1.0,41.77196391703094
13,0,0.09623790372674154,463.23688587270084,0.5673301186239915,17.946124637562367,6.7062759569194155,1.0,68.59827953139131
13,1,0.17677658449239977,470.8082923679566,0.5529396683036544,10.606332978409194,4.129603331201106,1.0,68.59827953139131
13,2,0.2762148771904999,481.5520319969943,0.5422118882487951,17.692925355003947,6.919659278331556,1.0,68.59827953139131
13,3,0.39468557433832774,493.1786146163703,0.5223640100851641,17.503512248880604,6.634333607167724,1.0,68.59827953139131
13,4,0.5099363741202921,504.5070251851266,0.4909334284044091,17.765620859655595,6.942537573575722,1.0,68.59827953139131
13,5,0.6092759637208895,514.5220400724288,0.5115219591664314,17.69152455762529,6.616776142157141,1.0,68.59827953139131
13,6,0.7045026083183132,524.0010261063551,0.5151586700970392,10.602831701762542,4.205561527856614,1.0,68.59827953139131
13,7,0.8181376366446981,535.812185942021,0.7168214113174063,17.785888280390257,6.898770029317456,1.0,68.59827953139131
13,8,0.9141714067667859,545.6785042223806,0.5778163107298115,10.64640081239051,4.050449050008011,1.0,68.59827953139131
13,9,1.0100733195765788,555.4372680860696,0.383229552042764,17.617810412219107,6.980920895815125,1.0,68.59827953139131
13,10,1.1052083476938772,564.3357813435937,0.47797060699749566,17.67772272612099,6.990543462194364,1.0,68.59827953139131
13,11,1.188323724840318,572.887871143364,0.532283985375734,17.707253111995986,6.93641106396805,1.0,68.59827953139131
13,12,1.3014972179203381,584.3909128288834,0.5763390830691968,17.433001748117082,6.739487580279765,1.0,68.59827953139131
13,13,1.417663641141827,596.5002808221791,0.5191450841911937,17.65439120055734,6.783798058853826,1.0,68.59827953139131
13,14,1.5319567147109585,607.1503831219356,0.45392839308966626,17.982398730133017,6.897500988291446,1.0,68.59827953139131
13,15,1.6490664649098992,619.1246068294946,0.5901027797659214,17.64769127669223,6.7896450611442924,1.0,68.59827953139131
13,16,1.7504773064390706,629.8650479402064,0.48840763217608923,17.869472316276102,6.732614382362206,1.0,68.59827953139131
13,17,1.8496869978221795,639.7790678113087,0.48319675747730556,17.646266613525604,6.939768280808496,1.0,68.59827953139131
13,18,1.952603776494787,650.124182943136,0.5819679875338747,17.760901499798138,6.885304433209513,1.0,68.59827953139131
13,19,2.0657894846122287,661.0935985622888,0.6266937530569718,17.737510187260586,6.97323909364702,1.0,68.59827953139131
13,20,2.175010822100914,672.6616983735188,0.5848754002432531,17.730546752880638,7.034303258198131,1.0,68.59827953139131
13,21,2.294230870447406,683.6462736131973,0.5458667553077271,17.873458583332994,6.698408861174387,1.0,68.59827953139131
13,22,2.38591336407504,693.6501928084355,0.5876251946957656,10.717336332813185,3.8958382276081633,1.0,68.59827953139131
13,23,2.4743591820412814,702.2435819674897,0.4502215805837845,17.580718432464042,6.754705110361509,1.0,68.59827953139131
13,24,2.567194053715346,711.6909005206047,0.5056828197737114,17.54604118650152,6.6365089246592985,1.0,68.59827953139131
13,25,2.6568863173506405,720.5045770019428,0.5493599294725448,17.72086694297282,6.739121550090131,1.0,68.59827953139131
13,26,2.767485515984078,731.9296254821691,0.5410036771001867,17.860358113813344,6.740277771536473,1.0,68.59827953139131
13,27,2.8551395554647976,740.568615687644,0.5352450680324494,17.685817794060952,6.867771904126269,1.0,68.59827953139131
13,28,2.949495949024522,749.3868333059253,0.5633532789358785,17.410504786833744,6.7018765404549505,1.0,68.59827953139131
13,29,3.065243375260006,762.2030337376074,0.4644787153232833,17.766411569139134,6.708055989451647,1.0,68.59827953139131
13,30,3.18031675657862,773.330681084472,0.4938789127614859,17.911700469736438,6.913940246861096,1.0,68.59827953139131
13,31,3.2804396894765486,783.9515344041911,0.6616052495458964,17.946742600546333,6.86060923821265,1.0,68.59827953139131
13,32,3.3890081749825933,794.3509178184726,0.4445337328906998,17.85224770694929,6.863121082635052,1.0,68.59827953139131
13,33,3.4838884785742747,803.2775605761126,0.6010880190117645,17.75288914959636,6.705379119797166,1.0,68.59827953139131
13,34,3.5656469161520814,812.1092724037145,0.40503955543026,17.54731164304981,6.8123221165941406,1.0,68.59827953139131
13,35,3.660609274104492,821.4888374488233,0.5001448305500205,17.844449863377218,6.788153437666612,1.0,68.59827953139131
14,0,0.08087704724151676,281.05642770369747,-3.350879500608699,19.68819769829011,6.155101081380294,1.0,88.40808905886409
14,1,0.1708891763668089,293.3759866347543,-3.292308042983077,19.617520388735723,6.144052596445112,1.0,88.40808905886409
14,2,0.27269057548621695,306.02939267023066,-3.3777932021040376,19.731663112705103,6.270729957722349,1.0,88.40808905886409
14,3,0.37149433250071073,319.462388983389,-3.2229709114688405,19.485961799216252,6.260074454905462,1.0,88.40808905886409
14,4,0.4866451455765872,334.18372476421916,-3.2545257218325325,19.52518747084821,6.123327173223786,1.0,88.40808905886409
14,5,0.6039838196728904,349.1314793689221,-3.293497217102123,19.744227145870187,6.17621444952125,1.0,88.40808905886409
14,6,0.6911259151534102,360.4177036718654,-3.2773487058313795,19.497467055594495,6.513876834344545,1.0,88.40808905886409
14,7,0.8106897442557921,376.0312868044919,-3.3391484013534587,19.75415342864284,6.0896988058566475,1.0,88.40808905886409
14,8,0.9238732711282527,390.1873516180156,-3.2134363387683127,19.747049765028617,6.178886075515351,1.0,88.40808905886409
14,9,1.0217625540298423,403.24534764342974,-3.3028129745595844,19.686532044150752,6.083677396033944,1.0,88.40808905886409
14,10,1.12605052203432,416.5231095560757,-3.3076508852603426,19.898221561633,6.072777984219821,1.0,88.40808905886409
14,11,1.2117975277671051,428.3862859937778,-3.2651055008637164,19.421406456251887,5.937533697995987,1.0,88.40808905886409
14,12,1.3300481698204898,442.8978975418902,-3.247847340916122,19.755845062441797,6.27647180518156,1.0,88.40808905886409
14,13,1.434431908860272,456.909605071752,-3.3734111203118347,19.750862854466845,6.2496175169603605,1.0,88.40808905886409
14,14,1.543609791266666,471.02132914269094,-3.3067469152381994,11.612776743165385,3.8071581817755558,1.0,88.40808905886409
14,15,1.657418994906728,485.3823657693002,-3.284803055786428,19.5004985011941,6.326542590768586,1.0,88.40808905886409
14,16,1.7437272146805236,496.83622966919285,-3.2310646787591626,19.98399868174494,6.271124842115906,1.0,88.40808905886409
14,17,1.8462418703827008,510.2980763736487,-3.31759956434466,19.293508376857183,6.1424753803364665,1.0,88.40808905886409
14,18,1.9509144766085196,523.9681848641038,-3.318146513803758,19.63876669742385,6.235770289779961,1.0,88.40808905886409
14,19,2.0685630341141614,539.266526659065,-3.292342089608117,11.671962672101657,3.6320106951013864,1.0,88.40808905886409
14,20,2.1602129865758233,551.0035123990789,-3.383255286987329,19.475479462316308,6.155234595340602,1.0,88.40808905886409
14,21,2.2663228829944995,564.6617652447171,-3.266295065955992,19.246863899405206,6.092343463869532,1.0,88.40808905886409
14,22,2.371928224449467,578.6621615234485,-3.3357721337936677,19.930689783540437,6.186713691297794,1.0,88.40808905886409
14,23,2.4747455113292394,591.5988226537293,-3.3348829128697095,19.65477836227502,6.061790920037797,1.0,88.40808905886409
14,24,2.560062380164823,602.8491678505208,-3.1873417103754473,19.338502616176722,6.137971761599364,1.0,88.40808905886409
14,25,2.6509262579347417,614.8858799741289,-3.385138107038011,19.79030741454666,6.063384775381087,1.0,88.40808905886409
14,26,2.760828668759161,628.9281829801599,-3.2972505931620755,19.55528201283357,6.042755265406117,1.0,88.40808905886409
14,27,2.847591763412001,640.3094288868722,-3.2332930307519483,19.575157526612678,6.1836606961713185,1.0,88.40808905886409
14,28,2.954617289485756,653.5518578833705,-3.2436230795057255,19.700236287414434,6.235953853811403,1.0,88.40808905886409
14,29,3.065198599357257,668.2118618987447,-3.2915750445113328,19.636149267085713,5.982728989490693,1.0,88.40808905886409
14,30,3.1637641737217113,681.4823562681431,-3.3207825769187496,19.72216097376273,6.145899254651585,1.0,88.40808905886409
14,31,3.265123955041734,694.17363518999,-3.2426802351246318,11.591130351681564,3.6053258842918234,1.0,88.40808905886409
14,32,3.369731429407512,708.0788616432513,-3.3270590836909646,19.496330721639083,6.229075016901305,1.0,88.40808905886409
14,33,3.4531157018682785,718.7852548978148,-3.25148009637418,19.833801925409983,6.182895625880931,1.0,88.40808905886409
14,34,3.5407477285783284,730.6035930304889,-3.331190232962074,19.66380346716949,6.030343560163981,1.0,88.40808905886409
14,35,3.6366237193081163,742.3120263991101,-3.3466421223377574,19.94845963902646,6.172841743261212,1.0,88.40808905886409
14,36,3.727127003311711,753.3269928229097,-3.346423203178508,20.121667740588123,6.303075567375448,1.0,88.40808905886409
14,37,3.828859845920454,767.8304599029829,-3.3346099833630976,19.242829404921608,6.132863207040061,1.0,88.40808905886409
14,38,3.909057411407095,777.8746341496578,-3.3726908119331145,19.781021801635227,6.06723690317822,1.0,88.40808905886409
14,39,3.9973553154884165,789.3251215250515,-3.3184013318785563,11.780740043644055,3.7099940671096263,1.0,88.40808905886409
14,40,4.098119590293161,802.2605654411404,-3.3228606099660674,19.632949499720233,6.1177043877014805,1.0,88.40808905886409
14,41,4.2153135769402725,817.6011504043681,-3.331396239029818,20.041306336074157,6.159835494563204,1.0,88.40808905886409
14,42,4.296470080744955,828.5790806603668,-3.3432036357627988,19.474881028448873,6.193314928348516,1.0,88.40808905886409
14,43,4.377737797545504,838.4447531792357,-3.306974686748463,11.838701252803641,3.8362980170986236,1.0,88.40808905886409
14,44,4.4957765562476215,854.0758450646308,-3.247925622243794,19.55081054218648,6.064765140597219,1.0,88.40808905886409
14,45,4.607422913875035,868.8610894274998,-3.4457269245777766,19.907911010857127,6.153800584556544,1.0,88.40808905886409
14,46,4.69992682656711,880.7330251566715,-3.3098795071652316,19.535220899748296,6.255374191211639,1.0,88.40808905886409
14,47,4.8145802401595645,894.7643728493741,-3.2561517102963067,19.69575353262817,6.159064633295877,1.0,88.40808905886409
14,48,4.9172524601242635,908.7720550278756,-3.30131304154758,19.48844114590088,6.1921198573926555,1.0,88.40808905886409
14,49,5.024640075372106,922.5265794174139,-3.305078879520007,19.684395730764223,6.132885907077146,1.0,88.40808905886409
14,50,5.120737440208114,934.939584070302,-3.347803778438046,19.990488748382585,6.124204636588382,1.0,88.40808905886409
14,51,5.213228580641217,947.0703642553468,-3.368474119163683,19.62830145914437,6.108412999115084,1.0,88.40808905886409
14,52,5.320799447345544,961.0392415368461,-3.2898803916801937,19.738416176491757,6.198968748659833,1.0,88.40808905886409
14,53,5.4177491804383795,973.1795319491299,-3.325054516221026,19.75620451017705,6.164372823689186,1.0,88.40808905886409
14,54,5.513999091404545,985.6585774159829,-3.257532779278688,19.333902933150426,6.095828223535862,1.0,88.40808905886409
14,55,5.617071146577531,998.840847542697,-3.2462251708709666,19.231825315212806,6.205744867472549,1.0,88.40808905886409
14,56,5.721298947675943,1012.3944736846616,-3.3633971905082167,19.572828143980438,6.176128566553997,1.0,88.40808905886409
14,57,5.818511840338195,1025.5167895630457,-3.3078577367432582,19.69352153438637,5.985270047167867,1.0,88.40808905886409
15,0,0.1046378846167267,131.09775616319217,-9.764527506619643,11.185760400440738,4.048115561135622,1.0,83.51214087390136
15,1,0.2099302823436113,143.82702655799955,-9.90364350960458,18.574988264495946,6.573339143653686,1.0,83.51214087390136
15,2,0.30995343980546886,156.25487458333168,-9.70100326682481,10.935055873687547,4.216944876930987,1.0,83.51214087390136
15,3,0.4132322073779184,168.773008782791,-9.634708054038075,18.378596630799443,6.745343526120448,1.0,83.51214087390136
15,4,0.5294052764042919,182.88250681832832,-9.669702788904845,18.70361783638365,6.863488203376598,1.0,83.51214087390136
15,5,0.6260309698351413,194.6442715798964,-9.685909760089357,11.17869255758144,4.140636158773919,1.0,83.51214087390136
15,6,0.7156397346018601,205.87853054378343,-9.756408596030992,18.646864462293735,6.73751288089713,1.0,83.51214087390136
15,7,0.8259423671868394,219.97270992967483,-9.854506768589902,18.129794358993014,6.719037769891732,1.0,83.51214087390136
15,8,0.9244419633813281,231.17668119709933,-9.678458773769835,18.06121184108648,6.685275839571564,1.0,83.51214087390136
15,9,1.016015158531409,242.2941790184807,-9.830383515790174,18.303441928450404,6.772498265494794,1.0,83.51214087390136
15,10,1.0988218486383186,252.89921676682064,-9.680467332435315,18.394126939793907,6.783280886056205,1.0,83.51214087390136
15,11,1.1971277944339458,264.8009467826372,-9.776149388128953,18.27942318936337,6.940372779972967,1.0,83.51214087390136
15,12,1.2943754172452702,277.1170114582764,-9.764138051081174,18.615959761947266,6.74117093364619,1.0,83.51214087390136
15,13,1.377507767800982,286.7959348392619,-9.827716744890026,18.75239615234095,6.691711864756626,1.0,83.51214087390136
15,14,1.485661823318703,300.0334082808496,-9.661323632878602,18.461160611640466,6.8966848878648825,1.0,83.51214087390136
15,15,1.5872578061395088,313.07710064168816,-9.77143768170616,18.377943563014558,6.645527054840011,1.0,83.51214087390136
15,16,1.6703817662457339,322.67880789735887,-9.764467867692172,18.546224712205543,6.755206712697165,1.0,83.51214087390136
15,17,1.7623645847487506,333.82811266270994,-9.74796922596339,18.233646684116195,6.8692754683400805,1.0,83.51214087390136
15,18,1.8720686468021388,347.54687248330487,-9.777023849760825,18.647484024209938,6.778957768018119,1.0,83.51214087390136
15,19,1.98337149885725,360.58542938005365,-9.692293837149887,18.099751053045996,6.810975715321607,1.0,83.51214087390136
15,20,2.0814259426717276,373.2169617530916,-9.76261064786995,17.988951684819497,6.527182975223567,1.0,83.51214087390136
15,21,2.195003198094055,386.75105026520265,-9.767269094351231,11.365032863308096,4.148295837515293,1.0,83.51214087390136
15,22,2.2817215533064026,398.06297334805635,-9.785834317357095,18.32102868341268,6.745553984727047,1.0,83.51214087390136
15,23,2.3813306938766465,409.80495235181087,-9.779709609508114,18.32819883732843,6.710362974784808,1.0,83.51214087390136
15,24,2.4793921382421877,422.2888580975137,-9.757603412610093,18.272004179252484,6.867667830659318,1.0,83.51214087390136
15,25,2.576770237985124,433.47940372846017,-9.652638883472854,18.41016180780262,6.803584712731922,1.0,83.51214087390136
15,26,2.6683572167118137,444.3299881907576,-9.822232966062817,18.308235582070076,6.786138424641672,1.0,83.51214087390136
15,27,2.752935800538513,455.7186449293242,-9.781255344131992,18.151233198373276,6.615508377330804,1.0,83.51214087390136
15,28,2.8439472177863503,466.7269023042369,-9.85372571570874,18.529040332830892,6.803612690540187,1.0,83.51214087390136
15,29,2.9474531739509633,478.9547482913404,-9.784142938047077,18.80207315934466,6.563248512340719,1.0,83.51214087390136
15,30,3.0557555775590153,492.2849317843858,-9.820658708718739,18.788405379288825,6.81875735146106,1.0,83.51214087390136
15,31,3.172118955085175,506.8154602949115,-9.68691349988576,18.26386700299361,6.595845537100174,1.0,83.51214087390136
15,32,3.2818753400992398,520.0614908492491,-9.774412906714085,18.628904788865935,6.5953680715669405,1.0,83.51214087390136
15,33,3.377250043653013,531.8888445975649,-9.770219932468061,18.59317064520029,6.89937263012035,1.0,83.51214087390136
15,34,3.478825061277279,544.7304238183302,-9.754145838043636,18.592516210743614,6.687231957926721,1.0,83.51214087390136
15,35,3.5796113659505497,557.2844734496264,-9.734244440967323,18.29266338369382,6.860864109595449,1.0,83.51214087390136
15,36,3.670766077754721,567.3482421996968,-9.707537526191215,18.731320932333926,6.886155539085497,1.0,83.51214087390136
15,37,3.7543344823750218,578.3851051617168,-9.820018870497584,18.41538983673627,6.705197904996193,1.0,83.51214087390136
15,38,3.8692533311325223,591.7832735325162,-9.79329440855648,18.400796324129306,6.8303345359756875,1.0,83.51214087390136
15,39,3.964083123862626,604.303165746248,-9.803841275671987,18.223332200790733,6.988142876783393,1.0,83.51214087390136
15,40,4.0644426294050975,616.2084332142475,-9.770895290419265,10.946593210362643,4.022782097424849,1.0,83.51214087390136
15,41,4.180854604392358,630.3909688502907,-9.745410297932267,18.674512011011657,6.744274245402777,1.0,83.51214087390136
15,42,4.284338719321313,643.0213393223773,-9.750345636041127,18.328914183918375,6.701574270125731,1.0,83.51214087390136
15,43,4.3661786535955365,652.423766268359,-9.692148728344648,18.90066321019085,6.849375969066338,1.0,83.51214087390136
15,44,4.451529735887859,663.7340814372408,-9.787914797772991,18.69654925984615,6.762683991068971,1.0,83.51214087390136
15,45,4.556347464848546,675.9218524418396,-9.738835855946192,18.61925730299686,6.8525678747354535,1.0,83.51214087390136
15,46,4.658071442681298,688.6309813527959,-9.697471963925349,18.071454587025087,6.798701174991355,1.0,83.51214087390136
15,47,4.756374234004998,700.4650444681554,-9.709478072814536,18.454988804480855,7.0248561843152695,1.0,83.51214087390136
15,48,4.862772320338196,714.1140558949021,-9.837750737075359,18.642776089613026,6.830861930045733,1.0,83.51214087390136
15,49,4.94519351879062,724.3960634013047,-9.763459661252528,18.258359373379577,6.90276232219397,1.0,83.51214087390136
16,0,0.08827340015291371,430.1297968263437,9.360746935903796,16.993562170254545,6.586654421294313,-1.0,67.07207956353653
16,1,0.1776965757402496,421.36668062979174,9.331541253829123,9.956539253674958,3.9818898740745126,-1.0,67.07207956353653
16,2,0.28647710284963274,410.56545475836367,9.359522867066286,17.022555239027987,6.520624286579771,-1.0,67.07207956353653
16,3,0.37037021498281353,401.90969125219704,9.298799152250734,16.884354509659477,6.5430677708447895,-1.0,67.07207956353653
16,4,0.45717644805536917,394.11649013362376,9.321188267279354,9.919746003370333,4.010035660886964,-1.0,67.07207956353653
16,5,0.5535824529205089,385.0280773629121,9.31959127734609,17.136407353016043,6.6144989370536145,-1.0,67.07207956353653
16,6,0.64568053865176,375.42202429918007,9.377547793082417,10.126365652926062,3.9691258253531143,-1.0,67.07207956353653
16,7,0.7287244817858719,367.39771191283666,9.35398452681512,17.019369274168458,6.717649550302608,-1.0,67.07207956353653
16,8,0.8394120584533395,356.4242662283645,9.257160006131437,16.87921078063449,6.811644477778187,-1.0,67.07207956353653
16,9,0.9248592992281252,348.0760820839299,9.294369751842343,17.029062018398736,6.445053930966453,-1.0,67.07207956353653
16,10,1.0446923982181213,336.03075814161815,9.33608244907385,17.064810308744192,6.5122982762329515,-1.0,67.07207956353653
16,11,1.1265899669437154,327.91623728226756,9.319938503778555,17.383789613361884,6.726684854230083,-1.0,67.07207956353653
16,12,1.2226269163239494,318.72811657057537,9.322327165592517,17.190302902568508,6.64371453626373,-1.0,67.07207956353653
16,13,1.3088069590874551,309.84216993881904,9.328092669713978,17.12900710723293,6.7433752698795235,-1.0,67.07207956353653
16,14,1.4198977704257807,299.27907567581195,9.342685792432945,17.121421488304254,6.58515652027665,-1.0,67.07207956353653
16,15,1.537964358551211,287.89330962805525,9.37236705748562,17.303997675067947,6.565802348409737,-1.0,67.07207956353653
16,16,1.6197402894176804,279.0994945640543,9.282069084697808,16.9092413313392,6.726995096782508,-1.0,67.07207956353653
16,17,1.7165873796021272,270.27372036751035,9.387209102052143,17.473905567668094,6.691150393809576,-1.0,67.07207956353653
16,18,1.8173833893986684,260.56181599659607,9.390864466851992,17.169132514939843,6.658941161109767,-1.0,67.07207956353653
16,19,1.9035174225546496,251.66641561022723,9.325985364631059,17.090184280642237,6.73683871985684,-1.0,67.07207956353653
16,20,1.987460239225512,242.7166872068813,9.31806956286957,17.08498138570429,6.701001959722131,-1.0,67.07207956353653
16,21,2.082397919883978,233.68205584696128,9.287342254425687,17.18841227019218,6.640922265270068,-1.0,67.07207956353653
16,22,2.1967750643782145,222.15868593481568,9.371060758811165,17.002473764862266,6.738056497155366,-1.0,67.07207956353653
16,23,2.3058120269336033,212.00925847377556,9.355507385312352,17.600295372062803,6.529526322014935,-1.0,67.07207956353653
16,24,2.418361871428781,200.71236258215825,9.33447193936586,16.924355384315664,6.597947813388524,-1.0,67.07207956353653
16,25,2.5010932232716554,192.6728186227399,9.31110470486629,17.044646723934605,6.547084229658608,-1.0,67.07207956353653
17,0,0.08451656036450961,288.8446862439557,-2.8721282362096194,17.06819528750802,6.499830970423788,-1.0,77.49709141392417
17,1,0.20119664170068924,275.95174061769933,-2.873160779860251,16.73308290322789,6.582837525386077,-1.0,77.49709141392417
17,2,0.3032704706033257,264.1036552315622,-2.883699370999669,17.124478264764583,6.310757217642672,-1.0,77.49709141392417
17,3,0.393551513644233,253.9659574878099,-2.7759011119357497,17.17285758416257,6.456549693405376,-1.0,77.49709141392417
17,4,0.5039400232630075,241.02198958110642,-2.8396616684928495,10.25790830064111,3.7762960128731824,-1.0,77.49709141392417
17,5,0.6008651266264929,230.5472478939317,-2.8654611347654666,17.263668793272533,6.5757416173676,-1.0,77.49709141392417
17,6,0.6915236302440442,220.25484579477927,-2.838253328167314,10.418187388312063,3.7603038849392485,-1.0,77.49709141392417
17,7,0.7837563308183368,210.04164538933853,-2.8419650135157215,17.00805323133535,6.693076956770666,-1.0,77.49709141392417
17,8,0.9012248847249269,195.9078062549373,-2.790640679353981,16.93180970757298,6.537700256137398,-1.0,77.49709141392417
17,9,0.9984608353694289,185.3746235467396,-2.7532488040407523,17.22587112462796,6.7358991795160685,-1.0,77.49709141392417
17,10,1.114856306442268,172.34358064574988,-2.8392619947404927,17.276197050186497,6.3145663221607,-1.0,77.49709141392417
17,11,1.2211683880911561,160.2245484165771,-2.8291753427407498,10.267781596736294,4.028426217117513,-1.0,77.49709141392417
17,12,1.3335468329538638,147.488576983699,-2.839275845669308,17.115674927170208,6.248596740059593,-1.0,77.49709141392417
17,13,1.4276110367100177,135.97140441695257,-2.8766671851673027,16.898074387795475,6.459508231807649,-1.0,77.49709141392417
17,14,1.5381103525355941,124.1158614136388,-2.9134046090359567,17.133643542815577,6.432977119265825,-1.0,77.49709141392417
17,15,1.6396497460278312,112.34537024865392,-2.8112057611736687,17.013041057571044,6.450599908492714,-1.0,77.49709141392417
17,16,1.7478004937918874,100.65798468456605,-2.7749003923367956,10.19486743510927,3.706490149499571,-1.0,77.49709141392417
17,17,1.8424382638103407,89.57026355711079,-2.7808860619562275,17.245352954838953,6.441626631840926,-1.0,77.49709141392417
17,18,1.9539834708560577,76.75969047545688,-2.8119141511759893,16.998114400383063,6.743351212284851,-1.0,77.49709141392417
17,19,2.0735710616718266,63.472703336590634,-2.839355698543484,17.125246435372652,6.419932938630427,-1.0,77.49709141392417
17,20,2.1803570194472384,51.36355496886523,-2.894505375707884,16.936014972569513,6.5350512535841325,-1.0,77.49709141392417
17,21,2.2790220014570406,39.82197085349644,-2.782130765364544,17.22393443060791,6.459868446529751,-1.0,77.49709141392417
17,22,2.388592163011467,27.738377829718342,-2.8164148769709545,17.08149505224922,6.488500951484916,-1.0,77.49709141392417
17,23,2.4910476386727183,15.492990738866908,-2.856248011290703,16.921317514329374,6.532560519060467,-1.0,77.49709141392417
17,24,2.579497222536298,5.6775842638882645,-2.957867056367547,17.13176337940449,6.482588856851701,-1.0,77.49709141392417
17,25,2.686769530282175,-6.949501899027663,-2.8488773690320857,17.406046562157723,6.380352269951223,-1.0,77.49709141392417
17,26,2.8027943073483055,-19.29309647080954,-2.8562368940980174,17.092718470503762,6.342379024254874,-1.0,77.49709141392417
17,27,2.913176394769235,-32.64287313107356,-2.7557288843369143,16.963113743274636,6.381898325032855,-1.0,77.49709141392417
17,28,3.0310125381204656,-45.437403120076254,-2.80320749715318,17.068439844902347,6.501231749097575,-1.0,77.49709141392417
17,29,3.1227103128779117,-56.03996317914329,-2.8128701546182873,16.914694356303755,6.380211186616732,-1.0,77.49709141392417
17,30,3.203358632136918,-65.42986261558566,-2.8824482031519096,17.202548610321617,6.3922050951659335,-1.0,77.49709141392417
17,31,3.31788184676679,-78.15553830395272,-2.8843246048208937,10.20033156026897,3.9446090903892777,-1.0,77.49709141392417
17,32,3.4121112895816372,-89.19833596440482,-2.8699537767085177,17.27801372044564,6.675674831984609,-1.0,77.49709141392417
17,33,3.5178177781734434,-100.63965272546325,-2.8614672144478868,10.474143787220285,3.7067902552853242,-1.0,77.49709141392417
17,34,3.6288864867830815,-114.23038205887752,-2.798826072480886,16.899417097854737,6.5427441198826575,-1.0,77.49709141392417
18,0,0.10210033129564987,271.3456521078466,0.690586132165631,18.390507254513444,6.796384314869277,-1.0,46.58140807584984
18,1,0.19184277683534318,264.67454863209656,0.6832745869609099,11.139357871832347,4.0570746469041845,-1.0,46.58140807584984
18,2,0.2826619694593055,258.7515133490556,0.6643864658074428,18.406364038274727,6.790967624114846,-1.0,46.58140807584984
18,3,0.38614370105578766,251.6018611109989,0.6806872215453811,18.46470973521429,6.891517774111073,-1.0,46.58140807584984
18,4,0.4945412184205494,244.10536779319946,0.5969772690141786,18.994485419278575,6.8318144210778255,-1.0,46.58140807584984
18,5,0.600757721742823,236.826632337302,0.6824619428271896,18.354860177998674,6.943075852056421,-1.0,46.58140807584984
18,6,0.68899651223559,230.40558153906812,0.7254719381681816,18.06959810626849,6.723679120020968,-1.0,46.58140807584984
18,7,0.7794489521618195,224.54258048711523,0.7717533206706538,18.251264747230096,6.914132586183407,-1.0,46.58140807584984
18,8,0.8722751330160747,218.83005777628404,0.6479042049133883,18.326014977558696,6.881871685205931,-1.0,46.58140807584984
18,9,0.9745209706694707,212.04934387600218,0.7098103293546977,18.55004101348511,6.908608137321672,-1.0,46.58140807584984
18,10,1.082396352280338,204.3005013736937,0.58877589071234,18.538487101311144,6.705621930363284,-1.0,46.58140807584984
18,11,1.1749059965672628,197.52953044337926,0.6940072384459733,18.115821814028465,6.764278144825236,-1.0,46.58140807584984
18,12,1.2674483615110277,192.02374812172036,0.7082773952648845,18.6409545613912,6.959041260474196,-1.0,46.58140807584984
18,13,1.3786695597305527,184.29313679074494,0.6546390798155967,18.50819792033723,6.846949355602926,-1.0,46.58140807584984
18,14,1.4944830399595763,175.96148959012208,0.7249198684291971,18.28193448354961,6.9429569458205,-1.0,46.58140807584984
18,15,1.6119583342445156,168.12381864004053,0.7453939225613637,18.199054302406775,6.872447729143091,-1.0,46.58140807584984
18,16,1.731686304380046,160.13723650975547,0.6378571990530105,18.079836210517747,6.754761107002574,-1.0,46.58140807584984
18,17,1.839926331551781,152.11502695588604,0.6562904490431072,10.759607082303102,4.163444790023782,-1.0,46.58140807584984
18,18,1.9432829235113955,144.77295777863108,0.7051189933703824,18.542411969807397,6.742423141269251,-1.0,46.58140807584984
18,19,2.027455570914228,140.0530988600716,0.6775567874893054,18.311759272486377,6.494138418171353,-1.0,46.58140807584984
18,20,2.1396816528928473,132.51213237601664,0.6472584923133473,18.24701852445437,6.881752776347367,-1.0,46.58140807584984
18,21,2.2554974267069547,124.41793060991232,0.7095166770477215,18.233250145255635,6.864977514100186,-1.0,46.58140807584984
18,22,2.3675903597631893,116.1300892596139,0.6944083882567205,18.413458289243675,6.900472837465681,-1.0,46.58140807584984
18,23,2.451154798206319,110.6077000413082,0.6503901345454197,18.56154114986969,6.817916836539167,-1.0,46.58140807584984
18,24,2.5409385093908807,104.14655214420038,0.649598059566665,18.602258658365216,6.934729291071694,-1.0,46.58140807584984
18,25,2.637081241513644,97.24358286336754,0.6424976812944059,18.185408272910955,6.901948013833353,-1.0,46.58140807584984
18,26,2.722562785271994,92.31596065538812,0.5691245735606838,18.358853655595762,6.742231266646788,-1.0,46.58140807584984
18,27,2.8162009063558706,86.12860507168472,0.6417322561358839,18.22009058682172,6.811219115222214,-1.0,46.58140807584984
18,28,2.911103736932909,79.33064941074183,0.7375850482946567,18.348727989036153,6.819910158749449,-1.0,46.58140807584984
18,29,2.9914527971213527,73.32493581148503,0.6361164642512404,18.324350347485016,6.8208131396564395,-1.0,46.58140807584984
18,30,3.087592668889287,67.14525117719793,0.6226829896122745,18.184273249054545,6.875121716080339,-1.0,46.58140807584984
18,31,3.2074324563981196,59.007902079993364,0.6260586926203469,10.75598438506504,4.0045937747185025,-1.0,46.58140807584984
18,32,3.316453762311644,51.39338194562937,0.6793127782471613,18.163635189612684,6.791370805646321,-1.0,46.58140807584984
18,33,3.397161772296584,46.30532519626622,0.734134993350038,10.863937442710927,4.044885603616672,-1.0,46.58140807584984
19,0,0.09661682258596799,287.4487639370577,7.053095718636062,10.457537763733676,4.087764017386451,1.0,30.652481191956646
19,1,0.20186399381032108,292.501740048725,7.133901667277504,16.864488298260774,6.66884218381333,1.0,30.652481191956646
19,2,0.29448793657921263,296.1086742010014,7.156958045020906,16.72972021192658,6.71039995688146,1.0,30.652481191956646
19,3,0.4098560904132429,301.1544568144672,7.135098709159303,16.862019328461084,6.7752721574939905,1.0,30.652481191956646
19,4,0.504758657067337,305.75912175852926,7.159694899819049,10.464895761220967,4.0619993925478575,1.0,30.652481191956646
19,5,0.5893176882480765,309.8487797242113,7.19812376920646,16.705705178937198,6.761716368961708,1.0,30.652481191956646
19,6,0.7022343332979488,314.5666741945425,7.17861551306596,16.942350858267826,6.686679952868615,1.0,30.652481191956646
19,7,0.7824427476745999,317.96587173482965,7.1088970931188245,10.557744820331354,4.032563445981924,1.0,30.652481191956646
19,8,0.8947023370989002,323.17041155365456,7.200345410756608,10.374040647339287,4.212756182087959,1.0,30.652481191956646
19,9,0.983375302092556,327.71614101352657,7.218044511613498,16.57636080723891,6.704759907503264,1.0,30.652481191956646
19,10,1.0752942642722394,331.2482711598331,7.168250402781689,17.16841211014667,6.885023976289235,1.0,30.652481191956646
19,11,1.165489258194872,335.56720049177005,7.167747684929414,16.692043090593167,6.627606755153651,1.0,30.652481191956646
19,12,1.265887123519792,339.6934864828407,7.174775615127392,16.78976970720046,6.5850136332116485,1.0,30.652481191956646
19,13,1.3574784333905148,344.21975228636785,7.187180242005381,17.112867386751308,6.8511224401289015,1.0,30.652481191956646
19,14,1.4469089299938909,348.128192226511,7.140552694431333,16.960348832290084,6.732056264176709,1.0,30.652481191956646
19,15,1.5291203480418887,352.19373256392174,7.103992897544768,16.756515885864548,6.697764332920553,1.0,30.652481191956646
19,16,1.640675769188871,356.808217055823,7.115730001115133,17.05139414085349,6.466567893654582,1.0,30.652481191956646
19,17,1.7432196366923223,361.69922174785484,7.205843939273353,16.81526620709287,6.799704404424708,1.0,30.652481191956646
19,18,1.8626422060503736,366.9651307554142,7.173070020731018,16.813393639651323,6.740923587732856,1.0,30.652481191956646
19,19,1.9541074596232542,370.69371886549686,7.110116609453314,16.844139031023342,6.7039174647175415,1.0,30.652481191956646
19,20,2.036454102989501,374.2004689443638,7.1349580106477575,16.94630113081265,6.657248351932235,1.0,30.652481191956646
19,21,2.1460778549596875,379.82639288530453,7.130780820847008,17.07887939354243,6.642893477610553,1.0,30.652481191956646
19,22,2.243934980165231,384.0589846344689,7.156857291688969,16.584449855370583,6.752608786275844,1.0,30.652481191956646
19,23,2.34347946917394,388.23429175281075,7.117484479599018,10.16028209989592,3.939741285671957,1.0,30.652481191956646
19,24,2.4461403847468235,393.1439006565851,7.114611164038407,16.726053820316903,6.679014892756491,1.0,30.652481191956646
19,25,2.5277715031337893,396.22344151367486,7.067256202968171,16.860207113501808,6.677291312910087,1.0,30.652481191956646
19,26,2.6451087467995333,401.8644737947751,7.131383986202922,17.043215810663572,6.7557871329448735,1.0,30.652481191956646
19,27,2.7304312810410734,405.65712690677145,7.220270739817342,16.622569928693927,6.639430212131103,1.0,30.652481191956646
19,28,2.81877467715071,409.72642594122004,7.201168149458633,17.02622914582428,6.791893887740076,1.0,30.652481191956646
19,29,2.910930015185319,413.92977661371776,7.152209800768613,16.909716138600295,6.72411723779023,1.0,30.652481191956646
19,30,3.016078571564511,418.364618480008,7.135855066202308,17.1742441808329,6.484785919110313,1.0,30.652481191956646
19,31,3.1163914407273343,422.9974478482891,7.252786488282508,17.03655243514668,6.710168612176993,1.0,30.652481191956646
19,32,3.1980566389125147,426.8807589459752,7.112069217840954,16.628268548984245,6.882767196139419,1.0,30.652481191956646
19,33,3.2883713656069555,430.8667197432588,7.09064453038689,16.864326200547243,6.565677690853017,1.0,30.652481191956646
19,34,3.3998671614819616,436.2703663571271,7.115391600907084,16.970851330819986,6.669457991396159,1.0,30.652481191956646
19,35,3.509187057410636,440.48215424309495,7.12305099985346,16.978972843876246,7.104266505339809,1.0,30.652481191956646
19,36,3.59380674017191,444.8428207030019,7.156365756770667,17.178468684098505,6.739743949288025,1.0,30.652481191956646
19,37,3.7120971526926585,449.19316747275127,7.049032061107511,16.72691091892566,6.770612598478703,1.0,30.652481191956646
19,38,3.818879767646715,454.9899393245545,7.0608224829833315,17.284821150390545,6.6223011334834565,1.0,30.652481191956646
19,39,3.9168139991409605,458.6481654522855,7.120988426356072,17.212103681940487,6.664591716993714,1.0,30.652481191956646
19,40,4.00030264552481,462.93593431064363,7.193851288978423,16.733221335201428,6.715467807993697,1.0,30.652481191956646
19,41,4.088597992477271,466.85693041040855,7.160710114515454,16.743915567203903,6.7006460068513976,1.0,30.652481191956646
19,42,4.198463877960139,471.9226151340339,7.135040046751834,16.73328231729005,6.752355949117414,1.0,30.652481191956646
19,43,4.282934101371974,475.61436450276545,7.168004683694545,16.727050476165097,6.6482131328436616,1.0,30.652481191956646
19,44,4.374825180970994,479.62465945390375,7.1242827521290994,16.612509019849345,6.800971708011806,1.0,30.652481191956646
19,45,4.464782926163326,483.50661638881155,7.15095657988615,17.075347143706534,6.802755116709392,1.0,30.652481191956646
19,46,4.577276153251831,489.20736963493636,7.075931980315041,16.824692929515486,6.768375102623705,1.0,30.652481191956646
19,47,4.691104456605903,493.6461273727096,7.206747807485949,16.820434235009976,6.733826545203519,1.0,30.652481191956646
19,48,4.771619547820143,497.2478860583055,7.0862114183992375,16.712286207657428,6.642905999731601,1.0,30.652481191956646
19,49,4.889837912500784,502.7021073019081,7.162602108663281,16.708835095654642,6.689812542227878,1.0,30.652481191956646
19,50,4.982744374790217,507.29784347915313,7.131808146444756,17.060972541093587,6.676490776044548,1.0,30.652481191956646
19,51,5.070017504733776,511.5050618875424,7.1217932228536185,16.87899055762704,6.718767115272018,1.0,30.652481191956646
19,52,5.187970603761465,516.2225425217778,7.101868451732357,16.874912264281924,6.929032224546113,1.0,30.652481191956646
19,53,5.2859520370795705,520.5968466514431,7.023221772173328,17.147821707093097,6.640710513283997,1.0,30.652481191956646
